,objName,objAltName1_x,objAltName2_x,objAltName3_x,objID_x,uniquePspsOBid_x,ippObjID_x,surveyID_x,htmID_x,zoneID_x,tessID_x,projectionID_x,skyCellID_x,randomID_x,batchID_x,dvoRegionID_x,processingVersion_x,objInfoFlag_x,astrometryCorrectionFlag_x,qualityFlag_x,raStack_x,decStack_x,raStackErr_x,decStackErr_x,raMean_x,decMean_x,raMeanErr_x,decMeanErr_x,pmra_x,pmdec_x,pmraErr_x,pmdecErr_x,epochMean_x,posMeanChisq_x,cx_x,cy_x,cz_x,lambda_x,beta_x,l_x,b_x,nStackObjectRows_x,nStackDetections_x,nDetections_x,ng_x,nr_x,ni_x,nz_x,ny_x,gQfPerfect_x,gMeanPSFMag_x,gMeanPSFMagErr_x,gMeanPSFMagStd_x,gMeanPSFMagNpt_x,gMeanPSFMagMin_x,gMeanPSFMagMax_x,gMeanKronMag_x,gMeanKronMagErr_x,gMeanKronMagStd_x,gMeanKronMagNpt_x,gMeanApMag_x,gMeanApMagErr_x,gMeanApMagStd_x,gMeanApMagNpt_x,gFlags_x,rQfPerfect_x,rMeanPSFMag_x,rMeanPSFMagErr_x,rMeanPSFMagStd_x,rMeanPSFMagNpt_x,rMeanPSFMagMin_x,rMeanPSFMagMax_x,rMeanKronMag_x,rMeanKronMagErr_x,rMeanKronMagStd_x,rMeanKronMagNpt_x,rMeanApMag_x,rMeanApMagErr_x,rMeanApMagStd_x,rMeanApMagNpt_x,rFlags_x,iQfPerfect_x,iMeanPSFMag_x,iMeanPSFMagErr_x,iMeanPSFMagStd_x,iMeanPSFMagNpt_x,iMeanPSFMagMin_x,iMeanPSFMagMax_x,iMeanKronMag_x,iMeanKronMagErr_x,iMeanKronMagStd_x,iMeanKronMagNpt_x,iMeanApMag_x,iMeanApMagErr_x,iMeanApMagStd_x,iMeanApMagNpt_x,iFlags_x,zQfPerfect_x,zMeanPSFMag_x,zMeanPSFMagErr_x,zMeanPSFMagStd_x,zMeanPSFMagNpt_x,zMeanPSFMagMin_x,zMeanPSFMagMax_x,zMeanKronMag_x,zMeanKronMagErr_x,zMeanKronMagStd_x,zMeanKronMagNpt_x,zMeanApMag_x,zMeanApMagErr_x,zMeanApMagStd_x,zMeanApMagNpt_x,zFlags_x,yQfPerfect_x,yMeanPSFMag_x,yMeanPSFMagErr_x,yMeanPSFMagStd_x,yMeanPSFMagNpt_x,yMeanPSFMagMin_x,yMeanPSFMagMax_x,yMeanKronMag_x,yMeanKronMagErr_x,yMeanKronMagStd_x,yMeanKronMagNpt_x,yMeanApMag_x,yMeanApMagErr_x,yMeanApMagStd_x,yMeanApMagNpt_x,yFlags_x,distance_x,Unnamed: 0,objAltName1_y,objAltName2_y,objAltName3_y,objID_y,uniquePspsOBid_y,ippObjID_y,surveyID_y,htmID_y,zoneID_y,tessID_y,projectionID_y,skyCellID_y,randomID_y,batchID_y,dvoRegionID_y,processingVersion_y,objInfoFlag_y,astrometryCorrectionFlag_y,qualityFlag_y,raStack_y,decStack_y,raStackErr_y,decStackErr_y,raMean_y,decMean_y,raMeanErr_y,decMeanErr_y,pmra_y,pmdec_y,pmraErr_y,pmdecErr_y,epochMean_y,posMeanChisq_y,cx_y,cy_y,cz_y,lambda_y,beta_y,l_y,b_y,nStackObjectRows_y,nStackDetections_y,nDetections_y,ng_y,nr_y,ni_y,nz_y,ny_y,gQfPerfect_y,gMeanPSFMag_y,gMeanPSFMagErr_y,gMeanPSFMagStd_y,gMeanPSFMagNpt_y,gMeanPSFMagMin_y,gMeanPSFMagMax_y,gMeanKronMag_y,gMeanKronMagErr_y,gMeanKronMagStd_y,gMeanKronMagNpt_y,gMeanApMag_y,gMeanApMagErr_y,gMeanApMagStd_y,gMeanApMagNpt_y,gFlags_y,rQfPerfect_y,rMeanPSFMag_y,rMeanPSFMagErr_y,rMeanPSFMagStd_y,rMeanPSFMagNpt_y,rMeanPSFMagMin_y,rMeanPSFMagMax_y,rMeanKronMag_y,rMeanKronMagErr_y,rMeanKronMagStd_y,rMeanKronMagNpt_y,rMeanApMag_y,rMeanApMagErr_y,rMeanApMagStd_y,rMeanApMagNpt_y,rFlags_y,iQfPerfect_y,iMeanPSFMag_y,iMeanPSFMagErr_y,iMeanPSFMagStd_y,iMeanPSFMagNpt_y,iMeanPSFMagMin_y,iMeanPSFMagMax_y,iMeanKronMag_y,iMeanKronMagErr_y,iMeanKronMagStd_y,iMeanKronMagNpt_y,iMeanApMag_y,iMeanApMagErr_y,iMeanApMagStd_y,iMeanApMagNpt_y,iFlags_y,zQfPerfect_y,zMeanPSFMag_y,zMeanPSFMagErr_y,zMeanPSFMagStd_y,zMeanPSFMagNpt_y,zMeanPSFMagMin_y,zMeanPSFMagMax_y,zMeanKronMag_y,zMeanKronMagErr_y,zMeanKronMagStd_y,zMeanKronMagNpt_y,zMeanApMag_y,zMeanApMagErr_y,zMeanApMagStd_y,zMeanApMagNpt_y,zFlags_y,yQfPerfect_y,yMeanPSFMag_y,yMeanPSFMagErr_y,yMeanPSFMagStd_y,yMeanPSFMagNpt_y,yMeanPSFMagMin_y,yMeanPSFMagMax_y,yMeanKronMag_y,yMeanKronMagErr_y,yMeanKronMagStd_y,yMeanKronMagNpt_y,yMeanApMag_y,yMeanApMagErr_y,yMeanApMagStd_y,yMeanApMagNpt_y,yFlags_y,distance_y,dered_g,dered_r,dered_i,dered_z,dered_y,z_phot,z_phot_err,z_std,D_L_Mpc,D_L_pc,Absolute_Mag_r,Calculated_Flux
32,PSO J187.0895+61.7553,-999,-999,-999,182101870896557124,3808000000085731,328526343524067,0,14688033565309,18210,1,2477,41,0.0357316993509715,3808000,76491,3,436527104,7,52,187.08966548,61.75533714,0.0010000000474974,0.0010000000474974,187.089567559448,61.75533448956443,0.0024467539747499,0.0024050472114739,-11.08517283891285,0.5966562567709053,1.704790183804332,1.6934157298167811,55936.88480909841,4.295428276062012,-0.4696194772493928,-0.058407364878421,0.8809348025341978,147.7046138876587,56.25054972663579,127.7088244309796,55.15833800196354,-999,5,63,9,12,17,14,11,0.9998509883880616,20.85540008544922,0.0463090017437934,0.1380770057439804,7,20.638999938964844,21.017900466918945,20.957300186157227,0.0362050011754035,0.1833299994468689,7,20.88949966430664,0.0369680002331733,0.1095030009746551,7,115000,0.9996680021286012,19.583799362182617,0.0091380001977086,0.0357349999248981,11,19.53569984436035,19.67169952392578,19.691200256347656,0.0207429993897676,0.084646001458168,11,19.58309936523437,0.0169740002602338,0.0662629976868629,11,115000,0.9996340274810792,18.680500030517575,0.0058169998228549,0.0249419994652271,16,18.6471004486084,18.737699508666992,18.79129981994629,0.0162240006029605,0.0562129989266395,16,18.67490005493164,0.01227100007236,0.0489489994943141,17,115000,0.9997469782829284,18.308900833129883,0.0080350004136562,0.1298529952764511,12,17.891300201416016,18.35300064086914,18.423099517822266,0.0145250000059604,0.1759420037269592,12,18.33580017089844,0.016491999849677,0.1062859967350959,12,115000,0.9991580247879028,18.059499740600582,0.0155729996040463,0.0747319981455802,10,17.87420082092285,18.12879943847656,18.16230010986328,0.0234050005674362,0.0874489992856979,10,18.079500198364254,0.0268239993602037,0.0980969965457916,10,115000,0.0164771098990642,733019.0,-999.0,-999.0,-999.0,1.8210187089655712e+17,3808000000085731.0,328526343524067.0,0.0,14688033565309.0,18210.0,1.0,2477.0,41.0,0.0357316993509715,3808000.0,76491.0,3.0,436527104.0,7.0,52.0,187.08966548,61.75533714,0.0010000000474974,0.0010000000474974,187.089567559448,61.75533448956443,0.0024467539747499,0.0024050472114739,-11.08517283891285,0.5966562567709053,1.704790183804332,1.6934157298167811,55936.88480909841,4.295428276062012,-0.4696194772493928,-0.058407364878421,0.8809348025341978,147.7046138876587,56.25054972663579,127.7088244309796,55.15833800196354,-999.0,5.0,63.0,9.0,12.0,17.0,14.0,11.0,0.9998509883880616,20.85540008544922,0.0463090017437934,0.1380770057439804,7.0,20.638999938964844,21.017900466918945,20.957300186157227,0.0362050011754035,0.1833299994468689,7.0,20.88949966430664,0.0369680002331733,0.1095030009746551,7.0,115000.0,0.9996680021286012,19.583799362182617,0.0091380001977086,0.0357349999248981,11.0,19.53569984436035,19.67169952392578,19.691200256347656,0.0207429993897676,0.084646001458168,11.0,19.58309936523437,0.0169740002602338,0.0662629976868629,11.0,115000.0,0.9996340274810792,18.68050003051757,0.0058169998228549,0.0249419994652271,16.0,18.6471004486084,18.737699508666992,18.79129981994629,0.0162240006029605,0.0562129989266395,16.0,18.67490005493164,0.01227100007236,0.0489489994943141,17.0,115000.0,0.9997469782829284,18.308900833129883,0.0080350004136562,0.1298529952764511,12.0,17.891300201416016,18.35300064086914,18.423099517822266,0.0145250000059604,0.1759420037269592,12.0,18.33580017089844,0.016491999849677,0.1062859967350959,12.0,115000.0,0.9991580247879028,18.059499740600582,0.0155729996040463,0.0747319981455802,10.0,17.87420082092285,18.12879943847656,18.16230010986328,0.0234050005674362,0.0874489992856979,10.0,18.07950019836425,0.0268239993602037,0.0980969965457916,10.0,115000.0,0.0164771098990642,20.85402962192893,19.557704515755173,18.65609153918922,18.32101725880057,18.067345111630853,0.4315317379459922,0.038382243458604,0.0621529533845545,1659.9694882433532,1659969488.2433531,-21.542796011164,5.456550685630879e-05
37,PSO J187.0850+61.7529,-999,-999,-999,182101870851174217,3808000000085428,328526343523764,0,14688033560440,18210,1,2477,41,0.0269626202312881,3808000,76491,3,444915712,7,53,187.08513037,61.75288919,0.0010000000474974,0.0010000000474974,187.08502637836105,61.75288113971243,0.0053855954403948,0.0053855954403948,-30.222542427604026,18.811998137123343,3.754215564255308,3.754215564255308,56067.04551427172,15.734997749328612,-0.4696615373755109,-0.0583747958382334,0.8809145381482338,147.70502312486732,56.24730599590895,127.71320237248482,55.16041597915146,-999,5,44,7,8,14,9,6,0.9995449781417848,21.251300811767575,0.0418619997799396,0.2917720079421997,7,21.050600051879883,21.88479995727539,20.56550025939941,0.0610029995441436,0.1511539965867996,6,20.579700469970703,0.0599259994924068,0.1663639992475509,7,16892216,0.9996740221977234,20.28510093688965,0.0468470007181167,0.2436580061912536,8,20.094200134277344,20.79669952392578,19.841699600219727,0.0544589981436729,0.1839769929647445,8,19.78039932250977,0.0333489999175071,0.1590380072593689,8,16892216,0.99925297498703,19.95680046081543,0.0285470001399517,0.1358100026845932,14,19.722900390625,20.18370056152344,19.417600631713867,0.0274139996618032,0.0808229967951774,14,19.385299682617188,0.0208180006593465,0.0862950012087822,14,16892216,0.9996060132980348,19.717100143432617,0.0322379991412162,0.1313440054655075,9,19.505599975585938,19.93160057067871,19.2185001373291,0.042272999882698,0.1295520067214965,9,19.2101993560791,0.0331620015203952,0.1097370013594627,9,16892216,0.9982939958572388,19.56329917907715,0.064310997724533,0.2344290018081665,5,19.247499465942383,19.85110092163086,18.99810028076172,0.0843909978866577,0.2293629944324493,5,19.04080009460449,0.1011020019650459,0.2110449969768524,5,16892216,0.013768973076687,733024.0,-999.0,-999.0,-999.0,1.821018708511742e+17,3808000000085428.0,328526343523764.0,0.0,14688033560440.0,18210.0,1.0,2477.0,41.0,0.0269626202312881,3808000.0,76491.0,3.0,444915712.0,7.0,53.0,187.08513037,61.75288919,0.0010000000474974,0.0010000000474974,187.08502637836105,61.75288113971243,0.0053855954403948,0.0053855954403948,-30.222542427604026,18.811998137123343,3.754215564255308,3.754215564255308,56067.04551427172,15.734997749328612,-0.4696615373755109,-0.0583747958382334,0.8809145381482338,147.70502312486732,56.24730599590895,127.71320237248482,55.16041597915146,-999.0,5.0,44.0,7.0,8.0,14.0,9.0,6.0,0.9995449781417848,21.25130081176757,0.0418619997799396,0.2917720079421997,7.0,21.050600051879883,21.88479995727539,20.56550025939941,0.0610029995441436,0.1511539965867996,6.0,20.579700469970703,0.0599259994924068,0.1663639992475509,7.0,16892216.0,0.9996740221977234,20.28510093688965,0.0468470007181167,0.2436580061912536,8.0,20.094200134277344,20.79669952392578,19.841699600219727,0.0544589981436729,0.1839769929647445,8.0,19.78039932250977,0.0333489999175071,0.1590380072593689,8.0,16892216.0,0.99925297498703,19.95680046081543,0.0285470001399517,0.1358100026845932,14.0,19.722900390625,20.18370056152344,19.417600631713867,0.0274139996618032,0.0808229967951774,14.0,19.385299682617188,0.0208180006593465,0.0862950012087822,14.0,16892216.0,0.9996060132980348,19.717100143432617,0.0322379991412162,0.1313440054655075,9.0,19.505599975585938,19.93160057067871,19.2185001373291,0.042272999882698,0.1295520067214965,9.0,19.2101993560791,0.0331620015203952,0.1097370013594627,9.0,16892216.0,0.9982939958572388,19.56329917907715,0.064310997724533,0.2344290018081665,5.0,19.247499465942383,19.85110092163086,18.99810028076172,0.0843909978866577,0.2293629944324493,5.0,19.04080009460449,0.1011020019650459,0.2110449969768524,5.0,16892216.0,0.013768973076687,20.544195603579283,19.754979539662603,19.36647269874811,19.195401929318905,19.02863307297229,0.2448719168862291,0.0672450391636151,0.0988676151823929,988.7458059106252,988745805.9106252,-20.22044373187372,4.5499663432939e-05
49,PSO J187.0339+61.7217,-999,-999,-999,182061870340256770,3808000000082201,328526343520537,0,14688037218399,18206,1,2477,41,0.748475788858231,3808000,76491,3,512024576,7,61,187.03404529,61.72169784,0.0010000000474974,0.0010000000474974,187.0339570657207,61.7216930676362,0.0017644634223545,0.0017644634223545,-0.3299714381248519,5.895441767439168,1.203072009293171,1.203072009293171,55977.472850948056,7.686410903930664,-0.4701892155475178,-0.058014861699803,0.8806567875198388,147.7142591658243,56.20816413242251,127.76362177046236,55.18742262272323,-999,5,54,7,12,16,10,9,0.9996039867401124,20.121400833129883,0.0317209996283054,0.0687310025095939,5,20.037500381469727,20.20870018005371,19.51320075988769,0.0561549998819828,0.1236210018396377,7,19.52449989318848,0.0462549999356269,0.1108919978141784,7,16892216,0.999770998954773,19.09510040283203,0.0402650013566017,0.173782005906105,12,18.870500564575195,19.32939910888672,18.39889907836914,0.0154740000143647,0.094148002564907,12,18.447099685668945,0.0278549995273351,0.1213399991393089,12,16892216,0.999625027179718,18.67259979248047,0.0185369998216629,0.0723079964518547,14,18.5487003326416,18.777999877929688,17.91349983215332,0.0134629998356103,0.0471239984035491,16,18.03660011291504,0.0235840007662773,0.0893739983439445,16,16892216,0.9997559785842896,18.47249984741211,0.0328730009496212,0.0683730021119117,7,18.381200790405277,18.55579948425293,17.71540069580078,0.0326200015842914,0.1517540067434311,10,17.852699279785156,0.0234859995543956,0.1180540025234222,10,16892216,0.9997950196266174,18.42609977722168,0.0411209985613822,0.1156819984316825,4,18.25200080871582,18.51309967041016,17.85460090637207,0.0429640002548694,0.1214430034160614,6,17.87019920349121,0.0329880006611347,0.1154249981045723,6,16892216,0.0304213497697264,733036.0,-999.0,-999.0,-999.0,1.8206187034025677e+17,3808000000082201.0,328526343520537.0,0.0,14688037218399.0,18206.0,1.0,2477.0,41.0,0.748475788858231,3808000.0,76491.0,3.0,512024576.0,7.0,61.0,187.03404529,61.72169784,0.0010000000474974,0.0010000000474974,187.0339570657207,61.7216930676362,0.0017644634223545,0.0017644634223545,-0.3299714381248519,5.895441767439168,1.203072009293171,1.203072009293171,55977.472850948056,7.686410903930664,-0.4701892155475178,-0.058014861699803,0.8806567875198388,147.7142591658243,56.20816413242251,127.76362177046236,55.18742262272323,-999.0,5.0,54.0,7.0,12.0,16.0,10.0,9.0,0.9996039867401124,20.121400833129883,0.0317209996283054,0.0687310025095939,5.0,20.037500381469727,20.20870018005371,19.51320075988769,0.0561549998819828,0.1236210018396377,7.0,19.52449989318848,0.0462549999356269,0.1108919978141784,7.0,16892216.0,0.999770998954773,19.09510040283203,0.0402650013566017,0.173782005906105,12.0,18.870500564575195,19.32939910888672,18.39889907836914,0.0154740000143647,0.094148002564907,12.0,18.447099685668945,0.0278549995273351,0.1213399991393089,12.0,16892216.0,0.999625027179718,18.67259979248047,0.0185369998216629,0.0723079964518547,14.0,18.5487003326416,18.777999877929688,17.91349983215332,0.0134629998356103,0.0471239984035491,16.0,18.03660011291504,0.0235840007662773,0.0893739983439445,16.0,16892216.0,0.9997559785842896,18.47249984741211,0.0328730009496212,0.0683730021119117,7.0,18.38120079040528,18.55579948425293,17.71540069580078,0.0326200015842914,0.1517540067434311,10.0,17.852699279785156,0.0234859995543956,0.1180540025234222,10.0,16892216.0,0.9997950196266174,18.42609977722168,0.0411209985613822,0.1156819984316825,4.0,18.25200080871582,18.51309967041016,17.85460090637207,0.0429640002548694,0.1214430034160614,6.0,17.87019920349121,0.0329880006611347,0.1154249981045723,6.0,16892216.0,0.0304213497697264,19.48721907660365,18.420408407226205,18.016831405460835,17.83716168720275,17.857423588633537,0.2215566058804,0.0296225551767703,0.0516736263708375,899.8824458447461,899882445.8447461,-21.350520492995912,0.0001555380454375
70,PSO J187.0151+61.7632,-999,-999,-999,182111870152336626,3808000000080884,328526343519220,0,14688033441795,18211,1,2477,41,0.44610801194432,3808000,76491,3,444915712,7,53,187.01517933,61.76321112,0.0010000000474974,0.0010000000474974,187.01509542757364,61.76321750230091,0.0075576189213813,0.0075576189213813,-5.923906248121209,10.726655338335304,5.806366788963467,5.806366788963467,55928.20589125968,5.030996322631836,-0.469574697365245,-0.0577821087047887,0.8809999043745501,147.64991606584513,56.23106760785292,127.76753989984282,55.14500275770869,-999,5,42,2,14,10,8,8,0.9992070198059082,21.908599853515625,0.1086319983005523,0.259335994720459,2,21.712400436401367,22.07819938659668,-999.0,-999.0,-999.0,2,21.534299850463867,0.1910089999437332,0.2708609998226166,2,115000,0.9996960163116456,20.87420082092285,0.0245629996061325,0.1071790009737014,12,20.678600311279297,21.09499931335449,20.70319938659668,0.087687000632286,0.2703010141849518,13,20.53569984436035,0.0476359985768795,0.2222889959812164,13,16892216,0.9990919828414916,20.198299407958984,0.0323529988527298,0.1047829985618591,10,20.042200088500977,20.379499435424805,19.971599578857425,0.026970999315381,0.0893300026655197,10,19.88039970397949,0.0203510001301765,0.0612710006535053,10,16892216,0.9994620084762572,19.8125,0.0361840017139911,0.1519079953432083,7,19.513500213623047,19.92679977416992,19.53070068359375,0.0685430020093917,0.2056500017642974,7,19.461000442504883,0.0612329989671707,0.2164459973573684,7,16892216,0.9997979998588562,19.59670066833496,0.0601890012621879,0.2460149973630905,7,19.43149948120117,20.123199462890625,19.325300216674805,0.1067129969596862,0.332639992237091,7,19.310199737548828,0.0901189967989921,0.2845059931278229,7,16892216,0.0235345527743406,733057.0,-999.0,-999.0,-999.0,1.8211187015233664e+17,3808000000080884.0,328526343519220.0,0.0,14688033441795.0,18211.0,1.0,2477.0,41.0,0.44610801194432,3808000.0,76491.0,3.0,444915712.0,7.0,53.0,187.01517933,61.76321112,0.0010000000474974,0.0010000000474974,187.01509542757364,61.76321750230091,0.0075576189213813,0.0075576189213813,-5.923906248121209,10.726655338335304,5.806366788963467,5.806366788963467,55928.20589125968,5.030996322631836,-0.469574697365245,-0.0577821087047887,0.8809999043745501,147.64991606584513,56.23106760785292,127.76753989984282,55.14500275770869,-999.0,5.0,42.0,2.0,14.0,10.0,8.0,8.0,0.9992070198059082,21.908599853515625,0.1086319983005523,0.259335994720459,2.0,21.712400436401367,22.07819938659668,-999.0,-999.0,-999.0,2.0,21.534299850463867,0.1910089999437332,0.2708609998226166,2.0,115000.0,0.9996960163116456,20.87420082092285,0.0245629996061325,0.1071790009737014,12.0,20.678600311279297,21.09499931335449,20.70319938659668,0.087687000632286,0.2703010141849518,13.0,20.53569984436035,0.0476359985768795,0.2222889959812164,13.0,16892216.0,0.9990919828414916,20.198299407958984,0.0323529988527298,0.1047829985618591,10.0,20.042200088500977,20.379499435424805,19.971599578857425,0.026970999315381,0.0893300026655197,10.0,19.88039970397949,0.0203510001301765,0.0612710006535053,10.0,16892216.0,0.9994620084762572,19.8125,0.0361840017139911,0.1519079953432083,7.0,19.513500213623047,19.92679977416992,19.53070068359375,0.0685430020093917,0.2056500017642974,7.0,19.461000442504883,0.0612329989671707,0.2164459973573684,7.0,16892216.0,0.9997979998588562,19.59670066833496,0.0601890012621879,0.2460149973630905,7.0,19.43149948120117,20.123199462890625,19.325300216674805,0.1067129969596862,0.332639992237091,7.0,19.310199737548828,0.0901189967989921,0.2845059931278229,7.0,16892216.0,0.0235345527743406,21.49733529984951,20.50923499651253,19.86079870164394,19.445594660937783,19.297532502561808,0.5031677489833913,0.0461245162600379,0.0672361236475114,1898.982812331052,1898982812.331052,-20.88337017329272,2.271464749180975e-05
71,PSO J187.0160+61.7600,-999,-999,-999,182111870160802692,3808000000080945,328526343519281,0,14688033454788,18211,1,2477,41,0.856291496992383,3808000,76491,3,444915712,7,53,187.01614309,61.75994985,0.0010000000474974,0.0010000000474974,187.01604376080516,61.75996336919795,0.0084707844688144,0.0084707844688144,-1.2577266008983523,5.950766576480289,7.502389822378277,7.502389822378277,55924.88168311324,8.127874374389648,-0.4696234021718902,-0.0577959926313195,0.8809730321458538,147.6546497984629,56.22909112114135,127.7676696374144,55.148292846714256,-999,5,40,5,10,10,11,4,0.9997419714927672,21.930299758911133,0.0805040001869201,0.219319000840187,5,21.54540061950684,22.08889961242676,21.60460090637207,0.1386329978704452,0.4339250028133392,5,21.524900436401367,0.199205994606018,0.571753978729248,5,115000,0.99966299533844,20.903099060058597,0.0185620002448558,0.0787359997630119,10,20.79080009460449,21.02720069885254,20.57250022888184,0.0496839992702007,0.2394299954175949,10,20.484600067138672,0.0451559983193874,0.1541550010442733,10,16892216,0.9996070265769958,20.56419944763184,0.024745000526309,0.0951950028538703,9,20.47920036315918,20.71389961242676,20.23259925842285,0.0519730001688003,0.1927440017461776,10,20.168100357055664,0.0486980006098747,0.1689029932022094,10,16892216,0.9994410276412964,20.21629905700684,0.0356540009379386,0.132079005241394,11,19.95170021057129,20.369199752807617,19.97439956665039,0.0438730008900165,0.1910690069198608,11,19.90449905395508,0.0606399998068809,0.2287469953298568,11,115000,0.9984549880027772,19.93269920349121,0.0760110020637512,0.202015995979309,4,19.642200469970703,20.109100341796875,19.59589958190918,0.1002850010991096,0.2959499955177307,4,19.5585994720459,0.0669749975204467,0.2594940066337585,4,115000,0.0215004066934514,733058.0,-999.0,-999.0,-999.0,1.821118701608027e+17,3808000000080945.0,328526343519281.0,0.0,14688033454788.0,18211.0,1.0,2477.0,41.0,0.856291496992383,3808000.0,76491.0,3.0,444915712.0,7.0,53.0,187.01614309,61.75994985,0.0010000000474974,0.0010000000474974,187.0160437608052,61.75996336919795,0.0084707844688144,0.0084707844688144,-1.2577266008983523,5.950766576480289,7.502389822378277,7.502389822378277,55924.88168311324,8.127874374389648,-0.4696234021718902,-0.0577959926313195,0.8809730321458538,147.6546497984629,56.22909112114135,127.7676696374144,55.148292846714256,-999.0,5.0,40.0,5.0,10.0,10.0,11.0,4.0,0.9997419714927672,21.930299758911133,0.0805040001869201,0.219319000840187,5.0,21.54540061950684,22.08889961242676,21.60460090637207,0.1386329978704452,0.4339250028133392,5.0,21.524900436401367,0.199205994606018,0.571753978729248,5.0,115000.0,0.99966299533844,20.9030990600586,0.0185620002448558,0.0787359997630119,10.0,20.79080009460449,21.02720069885254,20.57250022888184,0.0496839992702007,0.2394299954175949,10.0,20.484600067138672,0.0451559983193874,0.1541550010442733,10.0,16892216.0,0.9996070265769958,20.56419944763184,0.024745000526309,0.0951950028538703,9.0,20.47920036315918,20.71389961242676,20.23259925842285,0.0519730001688003,0.1927440017461776,10.0,20.168100357055664,0.0486980006098747,0.1689029932022094,10.0,16892216.0,0.9994410276412964,20.21629905700684,0.0356540009379386,0.132079005241394,11.0,19.95170021057129,20.369199752807617,19.97439956665039,0.0438730008900165,0.1910690069198608,11.0,19.90449905395508,0.0606399998068809,0.2287469953298568,11.0,115000.0,0.9984549880027772,19.93269920349121,0.0760110020637512,0.202015995979309,4.0,19.642200469970703,20.109100341796875,19.59589958190918,0.1002850010991096,0.2959499955177307,4.0,19.5585994720459,0.0669749975204467,0.2594940066337585,4.0,115000.0,0.0215004066934514,21.48802252486348,20.45819724909961,20.14854529686272,19.889129381626848,19.54596192762256,0.4156999961589682,0.0994422092501388,0.1289494801795218,1605.779793183078,1605779793.183078,-20.57023269358836,2.3807900583927105e-05
93,PSO J187.0565+61.7502,-999,-999,-999,182101870565910942,3808000000083654,328526343521990,0,14688036997779,18210,1,2477,41,0.573018868987466,3808000,76491,3,512024576,7,61,187.05659128,61.75018696,0.0010000000474974,0.0010000000474974,187.0564925835452,61.75018741516459,0.0011408340833519,0.0011388664644564,-1.387061835699822,1.0942649634172912,0.758884064335682,0.7583375584157499,56008.89458638963,16.46497917175293,-0.4697316517015477,-0.0581459808528498,0.8808922864348375,147.69138015628093,56.23581126993327,127.73728655663804,55.16096552609456,-999,5,61,10,11,16,12,12,0.9989609718322754,18.864200592041016,0.0228959992527961,0.0637710019946098,6,18.7455997467041,18.89949989318848,18.437599182128903,0.0086049996316432,0.0220209993422031,8,18.407400131225582,0.0179590005427598,0.0478559993207454,9,16892216,0.99931800365448,18.53190040588379,0.0141810001805424,0.0514389984309673,7,18.51749992370605,18.624799728393555,17.850400924682617,0.016169000416994,0.0486010015010833,11,17.9060001373291,0.01369300018996,0.0534589998424053,11,16892216,0.9990180134773254,18.046600341796875,0.0175090003758668,0.0652199983596801,13,17.93869972229004,18.15379905700684,17.388599395751953,0.0127750001847743,0.0540030002593994,15,17.50040054321289,0.0150680001825094,0.0652989968657493,16,16892216,0.9996169805526732,17.913999557495117,0.0176790002733469,0.0596950016915798,10,17.82110023498535,17.96980094909668,17.25,0.0192699991166591,0.0794569998979568,12,17.333200454711914,0.0149879995733499,0.0467800013720989,12,16892216,0.9990580081939696,17.930999755859375,0.0275839995592832,0.0852859988808631,9,17.819499969482422,18.07270050048828,17.15730094909668,0.032150998711586,0.0642729997634887,11,17.353500366210938,0.0256340000778436,0.076223999261856,11,16892216,8.204090649264967e-06,733080.0,-999.0,-999.0,-999.0,1.8210187056591094e+17,3808000000083654.0,328526343521990.0,0.0,14688036997779.0,18210.0,1.0,2477.0,41.0,0.573018868987466,3808000.0,76491.0,3.0,512024576.0,7.0,61.0,187.05659128,61.75018696,0.0010000000474974,0.0010000000474974,187.0564925835452,61.75018741516459,0.0011408340833519,0.0011388664644564,-1.387061835699822,1.0942649634172912,0.758884064335682,0.7583375584157499,56008.89458638963,16.46497917175293,-0.4697316517015477,-0.0581459808528498,0.8808922864348375,147.69138015628093,56.23581126993327,127.73728655663804,55.16096552609456,-999.0,5.0,61.0,10.0,11.0,16.0,12.0,12.0,0.9989609718322754,18.864200592041016,0.0228959992527961,0.0637710019946098,6.0,18.7455997467041,18.89949989318848,18.437599182128903,0.0086049996316432,0.0220209993422031,8.0,18.407400131225582,0.0179590005427598,0.0478559993207454,9.0,16892216.0,0.99931800365448,18.53190040588379,0.0141810001805424,0.0514389984309673,7.0,18.51749992370605,18.624799728393555,17.850400924682617,0.016169000416994,0.0486010015010833,11.0,17.9060001373291,0.01369300018996,0.0534589998424053,11.0,16892216.0,0.9990180134773254,18.046600341796875,0.0175090003758668,0.0652199983596801,13.0,17.93869972229004,18.15379905700684,17.388599395751953,0.0127750001847743,0.0540030002593994,15.0,17.50040054321289,0.0150680001825094,0.0652989968657493,16.0,16892216.0,0.9996169805526732,17.913999557495117,0.0176790002733469,0.0596950016915798,10.0,17.82110023498535,17.96980094909668,17.25,0.0192699991166591,0.0794569998979568,12.0,17.333200454711914,0.0149879995733499,0.0467800013720989,12.0,16892216.0,0.9990580081939696,17.930999755859375,0.0275839995592832,0.0852859988808631,9.0,17.819499969482422,18.07270050048828,17.15730094909668,0.032150998711586,0.0642729997634887,11.0,17.353500366210938,0.0256340000778436,0.076223999261856,11.0,16892216.0,8.204090649264967e-06,18.37149168923497,17.88029141537845,17.48135956004262,17.31823483016342,17.34119504597038,0.1068675977441284,0.0318173648481297,0.0419828658357466,446.459099698915,446459099.698915,-20.368616980378505,0.0002557899245695
114,PSO J187.0336+61.7497,-999,-999,-999,182101870337170323,3808000000082139,328526343520475,0,14688036894327,18210,1,2477,41,0.651399989287741,3808000,76491,3,436527104,7,52,187.033684,61.74967034,0.0010000000474974,0.0010000000474974,187.03359585115925,61.749668211452594,0.004379486069647,0.0043455643179212,5.088080925090219,-4.44317426342569,2.991338068880346,2.990753206370355,55881.073486149406,3.595095157623291,-0.4697627730768419,-0.0579592379332085,0.8808879972898696,147.6783288383183,56.227741687375726,127.75616636373272,55.15977675554375,-999,5,57,3,12,16,13,13,0.9989699721336364,21.938800811767575,0.1806679964065551,0.2566759884357452,2,21.740800857543945,22.10219955444336,-999.0,-999.0,-999.0,2,21.793800354003903,0.4287280142307281,0.6531980037689209,2,115000,0.999446988105774,20.749000549316406,0.0431450009346008,0.1298040002584457,11,20.57929992675781,20.983800888061523,20.83930015563965,0.0631159991025924,0.2093349993228912,11,20.68160057067871,0.0674180015921592,0.2534190118312835,11,115000,0.9996989965438844,19.72830009460449,0.0101509997621178,0.0481190010905265,16,19.6210994720459,19.80279922485352,19.857200622558597,0.0296459998935461,0.1473679989576339,16,19.758699417114254,0.0259939990937709,0.1135519966483116,16,115000,0.99966299533844,19.276100158691406,0.0158110000193119,0.0578010007739067,13,19.213600158691406,19.381000518798828,19.40449905395508,0.0292399991303682,0.1200859993696212,13,19.312700271606445,0.0321290008723735,0.1048929989337921,13,115000,0.9998000264167786,19.036399841308597,0.0243110004812479,0.0797370001673698,13,18.87680053710937,19.1742000579834,19.055200576782227,0.0672369971871376,0.275532990694046,13,18.975099563598636,0.0661550015211105,0.2802200019359588,13,115000,0.0108530844531845,733101.0,-999.0,-999.0,-999.0,1.8210187033717034e+17,3808000000082139.0,328526343520475.0,0.0,14688036894327.0,18210.0,1.0,2477.0,41.0,0.651399989287741,3808000.0,76491.0,3.0,436527104.0,7.0,52.0,187.033684,61.74967034,0.0010000000474974,0.0010000000474974,187.03359585115925,61.749668211452594,0.004379486069647,0.0043455643179212,5.088080925090219,-4.44317426342569,2.991338068880346,2.990753206370355,55881.073486149406,3.595095157623291,-0.4697627730768419,-0.0579592379332085,0.8808879972898696,147.6783288383183,56.227741687375726,127.75616636373272,55.15977675554375,-999.0,5.0,57.0,3.0,12.0,16.0,13.0,13.0,0.9989699721336364,21.93880081176757,0.1806679964065551,0.2566759884357452,2.0,21.740800857543945,22.10219955444336,-999.0,-999.0,-999.0,2.0,21.793800354003903,0.4287280142307281,0.6531980037689209,2.0,115000.0,0.999446988105774,20.749000549316406,0.0431450009346008,0.1298040002584457,11.0,20.57929992675781,20.983800888061523,20.83930015563965,0.0631159991025924,0.2093349993228912,11.0,20.68160057067871,0.0674180015921592,0.2534190118312835,11.0,115000.0,0.9996989965438844,19.72830009460449,0.0101509997621178,0.0481190010905265,16.0,19.6210994720459,19.80279922485352,19.8572006225586,0.0296459998935461,0.1473679989576339,16.0,19.75869941711425,0.0259939990937709,0.1135519966483116,16.0,115000.0,0.99966299533844,19.276100158691406,0.0158110000193119,0.0578010007739067,13.0,19.213600158691406,19.381000518798828,19.40449905395508,0.0292399991303682,0.1200859993696212,13.0,19.312700271606445,0.0321290008723735,0.1048929989337921,13.0,115000.0,0.9998000264167786,19.0363998413086,0.0243110004812479,0.0797370001673698,13.0,18.87680053710937,19.1742000579834,19.055200576782227,0.0672369971871376,0.275532990694046,13.0,18.97509956359864,0.0661550015211105,0.2802200019359588,13.0,115000.0,0.0108530844531845,21.75744155049324,20.655569411814213,19.739419622346755,19.297546949237585,18.962639911100272,0.5530184018542128,0.0395301566035271,0.0550013516028003,2059.441401239739,2059441401.2397392,-20.913177784068253,1.985053587606653e-05
224,PSO J187.0348+61.7441,-999,-999,-999,182091870349023690,3808000000082226,328526343520562,0,14688037065977,18209,1,2477,41,0.72735027570962,3808000,76491,3,436527248,7,52,187.03494539,61.74411285,0.0010000000474974,0.0010000000474974,187.03485104364557,61.74412045413288,0.0068339353468035,0.0068339353468035,8.064225007309755,-0.8520069478264616,4.970063726925922,4.970063726925922,56062.42351153192,4.074591636657715,-0.4698461523496426,-0.0579799749992895,0.8808421627177698,147.68615142047992,56.22426637969004,127.75667216868304,55.16533603786159,-999,5,42,9,8,12,10,3,0.99966299533844,20.698699951171875,0.02462700009346,0.087407000362873,9,20.544300079345703,20.81889915466309,20.86520004272461,0.0524859987199306,0.1670590043067932,9,20.91200065612793,0.0493680015206337,0.1716209948062896,9,115000,0.9992539882659912,20.49430084228516,0.0754519999027252,0.2264959961175918,8,20.29509925842285,20.913799285888672,20.453500747680664,0.0718170031905174,0.3180789947509765,8,20.401199340820312,0.0618860013782978,0.248540997505188,8,115000,0.9997289776802064,20.49340057373047,0.0386179983615875,0.1483680009841919,12,20.355100631713867,20.750600814819336,20.622499465942383,0.0684999972581863,0.2084279954433441,12,20.57659912109375,0.0711600035429,0.2448309957981109,12,115000,0.9986519813537598,20.35219955444336,0.0535629987716674,0.1441960036754608,8,20.183300018310547,20.56089973449707,20.124900817871094,0.1178980022668838,0.4131059944629669,8,20.09339904785156,0.0860140025615692,0.3335219919681549,8,115000,0.997979998588562,20.0408992767334,0.2006630003452301,0.3983829915523529,3,19.503700256347656,20.20249938964844,-999.0,-999.0,-999.0,2,20.971799850463867,0.4448840022087097,0.8409669995307922,3,115000,0.0119052936926061,733211.0,-999.0,-999.0,-999.0,1.8209187034902368e+17,3808000000082226.0,328526343520562.0,0.0,14688037065977.0,18209.0,1.0,2477.0,41.0,0.72735027570962,3808000.0,76491.0,3.0,436527248.0,7.0,52.0,187.03494539,61.74411285,0.0010000000474974,0.0010000000474974,187.0348510436456,61.74412045413288,0.0068339353468035,0.0068339353468035,8.064225007309755,-0.8520069478264616,4.970063726925922,4.970063726925922,56062.42351153192,4.074591636657715,-0.4698461523496426,-0.0579799749992895,0.8808421627177698,147.68615142047992,56.22426637969004,127.75667216868304,55.16533603786159,-999.0,5.0,42.0,9.0,8.0,12.0,10.0,3.0,0.99966299533844,20.698699951171875,0.02462700009346,0.087407000362873,9.0,20.544300079345703,20.81889915466309,20.86520004272461,0.0524859987199306,0.1670590043067932,9.0,20.91200065612793,0.0493680015206337,0.1716209948062896,9.0,115000.0,0.9992539882659912,20.49430084228516,0.0754519999027252,0.2264959961175918,8.0,20.29509925842285,20.913799285888672,20.453500747680664,0.0718170031905174,0.3180789947509765,8.0,20.401199340820312,0.0618860013782978,0.248540997505188,8.0,115000.0,0.9997289776802064,20.49340057373047,0.0386179983615875,0.1483680009841919,12.0,20.355100631713867,20.750600814819336,20.622499465942383,0.0684999972581863,0.2084279954433441,12.0,20.57659912109375,0.0711600035429,0.2448309957981109,12.0,115000.0,0.9986519813537598,20.35219955444336,0.0535629987716674,0.1441960036754608,8.0,20.183300018310547,20.56089973449707,20.124900817871094,0.1178980022668838,0.4131059944629669,8.0,20.09339904785156,0.0860140025615692,0.3335219919681549,8.0,115000.0,0.997979998588562,20.0408992767334,0.2006630003452301,0.3983829915523529,3.0,19.503700256347656,20.20249938964844,-999.0,-999.0,-999.0,2.0,20.971799850463867,0.4448840022087097,0.8409669995307922,3.0,115000.0,0.0119052936926061,20.87556516006589,20.37511327303946,20.557278659194708,20.078213762491934,20.959313916042447,0.3815927756110808,0.109243095913169,0.2524344718758764,1487.3299201116463,1487329920.1116462,-20.486923299870558,2.570127631670796e-05
249,PSO J186.9937+61.7487,-999,-999,-999,182091869937499159,3808000000079428,328526343517764,0,14688034804205,18209,1,2477,41,0.213481239241996,3808000,76491,3,503635968,7,60,186.99377635,61.74868022,0.0010000000474974,0.0010000000474974,186.99369269927604,61.748683679310176,0.0001584104726438,0.0001588528944792,-21.91236051600112,16.236293043738765,0.1206896541354623,0.1186309698328761,55895.093875659964,1193.2528076171875,-0.4698180482554291,-0.057633904692154,0.8808798638653259,147.6556258205881,56.21363517865486,127.78910687075862,55.15773444725774,-999,5,72,12,14,18,18,10,0.9997360110282898,14.98110008239746,0.0039070001803338,0.0134370001032948,10,14.959400177001951,14.999500274658203,15.031100273132324,0.0012750000460073,0.0049000000581145,11,14.968899726867676,0.0013699999544769,0.0049250000156462,11,115000,0.9996770024299622,14.68179988861084,0.0012710000155493,0.0040540001355111,8,14.68019962310791,14.689599990844728,14.735899925231934,0.0012359999818727,0.0053059998899698,12,14.671600341796877,0.001918000052683,0.0073029999621212,12,115000,0.999638020992279,14.585700035095217,0.0027920000720769,0.0095119997859001,13,14.56879997253418,14.601300239562988,14.642399787902832,0.0014469999587163,0.0058430000208318,16,14.57900047302246,0.0013579999795183,0.0052849999628961,17,115000,0.9996920228004456,14.57900047302246,0.0058180000633001,0.0136299999430775,13,14.56659984588623,14.608099937438965,14.635899543762209,0.0024770000018179,0.010313999839127,17,14.576199531555176,0.0020830000285059,0.0167399998754262,17,115000,0.9998000264167786,14.54800033569336,0.0025899999309331,0.0084389997646212,8,14.536499977111816,14.560799598693848,14.584400177001951,0.0072639998979866,0.0226690005511045,10,14.54319953918457,0.0023560000117868,0.0084229996427893,10,115000,0.0297661114047228,733236.0,-999.0,-999.0,-999.0,1.8209186993749917e+17,3808000000079428.0,328526343517764.0,0.0,14688034804205.0,18209.0,1.0,2477.0,41.0,0.213481239241996,3808000.0,76491.0,3.0,503635968.0,7.0,60.0,186.99377635,61.74868022,0.0010000000474974,0.0010000000474974,186.99369269927604,61.748683679310176,0.0001584104726438,0.0001588528944792,-21.91236051600112,16.236293043738765,0.1206896541354623,0.1186309698328761,55895.093875659964,1193.2528076171875,-0.4698180482554291,-0.057633904692154,0.8808798638653259,147.6556258205881,56.21363517865486,127.78910687075862,55.15773444725774,-999.0,5.0,72.0,12.0,14.0,18.0,18.0,10.0,0.9997360110282898,14.98110008239746,0.0039070001803338,0.0134370001032948,10.0,14.959400177001951,14.999500274658203,15.031100273132324,0.0012750000460073,0.0049000000581145,11.0,14.968899726867676,0.0013699999544769,0.0049250000156462,11.0,115000.0,0.9996770024299622,14.68179988861084,0.0012710000155493,0.0040540001355111,8.0,14.68019962310791,14.689599990844728,14.735899925231934,0.0012359999818727,0.0053059998899698,12.0,14.671600341796877,0.001918000052683,0.0073029999621212,12.0,115000.0,0.999638020992279,14.585700035095217,0.0027920000720769,0.0095119997859001,13.0,14.56879997253418,14.601300239562988,14.642399787902832,0.0014469999587163,0.0058430000208318,16.0,14.57900047302246,0.0013579999795183,0.0052849999628961,17.0,115000.0,0.9996920228004456,14.57900047302246,0.0058180000633001,0.0136299999430775,13.0,14.56659984588623,14.608099937438965,14.635899543762209,0.0024770000018179,0.010313999839127,17.0,14.576199531555176,0.0020830000285059,0.0167399998754262,17.0,115000.0,0.9998000264167786,14.54800033569336,0.0025899999309331,0.0084389997646212,8.0,14.536499977111816,14.560799598693848,14.584400177001951,0.0072639998979866,0.0226690005511045,10.0,14.54319953918457,0.0023560000117868,0.0084229996427893,10.0,115000.0,0.0297661114047228,14.931166723370552,14.644585318863394,14.558991987258194,14.560473481193185,14.53026896622032,0.0,0.0169340814151583,0.0241981993712162,0.4282653036068684,428265.3036068684,-8.513979135976607,0.0050369295024383
251,PSO J186.9909+61.7458,-999,-999,-999,182091869909535731,3808000000079253,328526343517589,0,14688034788969,18209,1,2477,41,0.616422567159331,3808000,76491,3,503635968,7,60,186.99093509,61.74583484,0.0010000000474974,0.0010000000474974,186.99085428790448,61.74583730655609,0.0006913618553162,0.0006934189224709,12.835022735457844,-5.562805275108293,0.5430717123733723,0.5340181548077743,55911.15248931463,9.145215034484863,-0.4698643377825807,-0.0576159561146515,0.8808563479257735,147.65760247064193,56.21068939870074,127.79217890663662,55.16034323182436,-999,5,71,11,14,17,14,15,0.999710977077484,19.31879997253418,0.0105389999225735,0.0293610002845525,9,19.280500411987305,19.37310028076172,19.429500579833984,0.0224290005862712,0.0888750031590461,9,19.32550048828125,0.0191280003637075,0.0631230026483535,9,115000,0.9996830224990844,18.113399505615234,0.0050249998457729,0.0207499992102384,13,18.078800201416016,18.161300659179688,18.20499992370605,0.0074399998411536,0.0267890002578496,13,18.112499237060547,0.0052310000173747,0.0215130001306533,13,115000,0.9996169805526732,16.930099487304688,0.0035129999741911,0.013171000406146,10,16.908300399780273,16.954700469970703,17.019800186157227,0.0048679998144507,0.0169009994715452,13,16.940399169921875,0.0026440001092851,0.0109649999067187,13,115000,0.9996939897537231,16.403799057006836,0.0048670000396668,0.0220209993422031,9,16.381799697875977,16.452499389648438,16.47610092163086,0.0078250002115964,0.0636020004749298,12,16.41160011291504,0.0072659999132156,0.0781280025839805,12,115000,0.9991580247879028,16.15679931640625,0.0028429999947547,0.018045000731945,13,16.111000061035156,16.191499710083008,16.215599060058594,0.0082550002261996,0.034230001270771,15,16.152099609375,0.0068450001999735,0.0218330007046461,15,115000,0.0313754060490995,733238.0,-999.0,-999.0,-999.0,1.8209186990953574e+17,3808000000079253.0,328526343517589.0,0.0,14688034788969.0,18209.0,1.0,2477.0,41.0,0.616422567159331,3808000.0,76491.0,3.0,503635968.0,7.0,60.0,186.99093509,61.74583484,0.0010000000474974,0.0010000000474974,186.99085428790448,61.74583730655609,0.0006913618553162,0.0006934189224709,12.835022735457844,-5.562805275108293,0.5430717123733723,0.5340181548077743,55911.15248931463,9.145215034484863,-0.4698643377825807,-0.0576159561146515,0.8808563479257735,147.65760247064193,56.21068939870074,127.79217890663662,55.16034323182436,-999.0,5.0,71.0,11.0,14.0,17.0,14.0,15.0,0.999710977077484,19.31879997253418,0.0105389999225735,0.0293610002845525,9.0,19.280500411987305,19.37310028076172,19.429500579833984,0.0224290005862712,0.0888750031590461,9.0,19.32550048828125,0.0191280003637075,0.0631230026483535,9.0,115000.0,0.9996830224990844,18.113399505615234,0.0050249998457729,0.0207499992102384,13.0,18.078800201416016,18.161300659179688,18.20499992370605,0.0074399998411536,0.0267890002578496,13.0,18.112499237060547,0.0052310000173747,0.0215130001306533,13.0,115000.0,0.9996169805526732,16.930099487304688,0.0035129999741911,0.013171000406146,10.0,16.908300399780273,16.954700469970703,17.019800186157227,0.0048679998144507,0.0169009994715452,13.0,16.940399169921875,0.0026440001092851,0.0109649999067187,13.0,115000.0,0.9996939897537231,16.403799057006836,0.0048670000396668,0.0220209993422031,9.0,16.381799697875977,16.452499389648438,16.47610092163086,0.0078250002115964,0.0636020004749298,12.0,16.41160011291504,0.0072659999132156,0.0781280025839805,12.0,115000.0,0.9991580247879028,16.15679931640625,0.0028429999947547,0.018045000731945,13.0,16.111000061035156,16.191499710083008,16.215599060058594,0.0082550002261996,0.034230001270771,15.0,16.152099609375,0.0068450001999735,0.0218330007046461,15.0,115000.0,0.0313754060490995,19.28753976523876,18.0853211786598,16.92026993446052,16.39577915519476,16.139091000892222,0.2613282529544997,0.0426535090250836,0.0923945644013348,1050.7911607458225,1050791160.7458224,-22.02226087556349,0.0002117734581795
264,PSO J187.0988+61.7373,-999,-999,-999,182081870989585434,3808000000086418,328526343524754,0,14688036655696,18208,1,2477,41,0.284165795225804,3808000,76491,3,512024576,7,61,187.09893218,61.73726478,0.0010000000474974,0.0010000000474974,187.0988502594662,61.73726045198109,0.0017280792980644,0.0017280792980644,-2.9682737629375557,5.774672768611587,1.363107688421629,1.363107688421629,55891.08136820216,9.412430763244627,-0.4698857468927988,-0.0585177883297149,0.880785475195859,147.73330450238169,56.2409517752768,127.706169421154,55.17688388657876,-999,5,53,9,10,15,12,7,0.9992330074310304,20.257999420166016,0.0271530002355575,0.0839139968156814,7,20.099899291992188,20.364200592041016,19.651599884033203,0.0191900003701448,0.0823410004377365,9,19.68549919128418,0.017009999603033,0.0627650022506713,9,16892216,0.9997739791870116,18.95560073852539,0.0345610007643699,0.1430149972438812,10,18.78260040283203,19.19879913330078,18.194700241088867,0.0200640000402927,0.0770329982042312,10,18.308000564575195,0.0289440006017684,0.113594003021717,10,16892216,0.9992480278015136,18.545799255371094,0.0180549994111061,0.0616910010576248,9,18.48450088500977,18.66550064086914,17.784000396728516,0.0088459998369216,0.040362998843193,11,17.94219970703125,0.0137139996513724,0.0393720008432865,11,16892216,0.9994670152664183,18.284799575805664,0.0050610001198947,0.0277730002999305,7,18.2367000579834,18.32410049438477,17.51889991760254,0.0149769997224211,0.0467559993267059,10,17.6343994140625,0.040692001581192,0.1181930005550384,10,16892216,0.9992640018463136,18.16939926147461,0.0226709991693496,0.0501790009438991,7,18.11639976501465,18.268199920654297,17.445499420166016,0.0543400011956691,0.1496089994907379,7,17.597299575805664,0.0210040006786584,0.0558449998497962,7,16892216,0.0238513960815034,733251.0,-999.0,-999.0,-999.0,1.8208187098958544e+17,3808000000086418.0,328526343524754.0,0.0,14688036655696.0,18208.0,1.0,2477.0,41.0,0.284165795225804,3808000.0,76491.0,3.0,512024576.0,7.0,61.0,187.09893218,61.73726478,0.0010000000474974,0.0010000000474974,187.0988502594662,61.73726045198109,0.0017280792980644,0.0017280792980644,-2.968273762937556,5.774672768611587,1.363107688421629,1.363107688421629,55891.08136820216,9.412430763244627,-0.4698857468927988,-0.0585177883297149,0.880785475195859,147.73330450238169,56.2409517752768,127.706169421154,55.17688388657876,-999.0,5.0,53.0,9.0,10.0,15.0,12.0,7.0,0.9992330074310304,20.257999420166016,0.0271530002355575,0.0839139968156814,7.0,20.099899291992188,20.364200592041016,19.651599884033203,0.0191900003701448,0.0823410004377365,9.0,19.68549919128418,0.017009999603033,0.0627650022506713,9.0,16892216.0,0.9997739791870116,18.95560073852539,0.0345610007643699,0.1430149972438812,10.0,18.78260040283203,19.19879913330078,18.194700241088867,0.0200640000402927,0.0770329982042312,10.0,18.308000564575195,0.0289440006017684,0.113594003021717,10.0,16892216.0,0.9992480278015136,18.545799255371094,0.0180549994111061,0.0616910010576248,9.0,18.48450088500977,18.66550064086914,17.784000396728516,0.0088459998369216,0.040362998843193,11.0,17.94219970703125,0.0137139996513724,0.0393720008432865,11.0,16892216.0,0.9994670152664183,18.284799575805664,0.0050610001198947,0.0277730002999305,7.0,18.2367000579834,18.32410049438477,17.51889991760254,0.0149769997224211,0.0467559993267059,10.0,17.6343994140625,0.040692001581192,0.1181930005550384,10.0,16892216.0,0.9992640018463136,18.16939926147461,0.0226709991693496,0.0501790009438991,7.0,18.11639976501465,18.268199920654297,17.445499420166016,0.0543400011956691,0.1496089994907379,7.0,17.597299575805664,0.0210040006786584,0.0558449998497962,7.0,16892216.0,0.0238513960815034,19.64988631382585,18.28250345028937,17.923315450549126,17.61955697182566,17.585095540620387,0.2615961057437026,0.0221462798279719,0.0400384085173351,1051.796422706881,1051796422.706881,-21.82715499665713,0.000176603220852
311,PSO J187.0022+61.7404,-999,-999,-999,182081870023129204,3808000000080041,328526343518377,0,14688036868065,18208,1,2477,41,0.395225424687588,3808000,76491,3,444915712,7,53,187.00232986,61.74040494,0.0010000000474974,0.0010000000474974,187.002243627464,61.74041072018164,0.0043460727042462,0.0043460727042462,-11.413510525177522,-11.152577222275749,3.1006977725098817,3.1006977725098817,55969.83356049695,5.359499931335449,-0.4699356786429505,-0.057719525538896,0.8808115089563455,147.6713457790919,56.21068702138569,127.78439073477884,55.16655821633238,-999,5,64,7,14,18,12,13,0.99965500831604,21.757299423217773,0.1061410009860992,0.2610880136489868,7,21.58209991455078,22.14349937438965,21.552499771118164,0.1522739976644516,0.3784329891204834,7,21.58839988708496,0.1659159958362579,0.4410319924354553,7,115000,0.9997230172157288,20.48929977416992,0.0204610005021095,0.1275410056114196,14,20.25900077819824,20.740100860595703,20.39139938354492,0.0485830008983612,0.2152120023965835,14,20.300899505615234,0.048539001494646,0.2233150005340576,14,16892216,0.9996899962425232,19.779800415039062,0.0195119995623826,0.0782689973711967,17,19.641300201416016,19.920799255371094,19.60580062866211,0.024176999926567,0.1258189976215362,17,19.52449989318848,0.0223839990794658,0.1042409986257553,17,16892216,0.9993619918823242,19.452999114990234,0.0233660005033016,0.1044410020112991,11,19.26020050048828,19.609100341796875,19.265899658203125,0.0320460014045238,0.1822579950094223,11,19.188100814819336,0.0355570018291473,0.1718650013208389,11,16892216,0.9998180270195008,19.19540023803711,0.0507140010595321,0.2104859948158264,11,18.895000457763672,19.569900512695312,18.95840072631836,0.0701629966497421,0.3064189851284027,11,18.89139938354492,0.0550459995865821,0.2458530068397522,11,16892216,0.0274797012945487,733298.0,-999.0,-999.0,-999.0,1.820818700231292e+17,3808000000080041.0,328526343518377.0,0.0,14688036868065.0,18208.0,1.0,2477.0,41.0,0.395225424687588,3808000.0,76491.0,3.0,444915712.0,7.0,53.0,187.00232986,61.74040494,0.0010000000474974,0.0010000000474974,187.002243627464,61.74041072018164,0.0043460727042462,0.0043460727042462,-11.413510525177522,-11.152577222275749,3.1006977725098817,3.1006977725098817,55969.83356049695,5.359499931335449,-0.4699356786429505,-0.057719525538896,0.8808115089563455,147.6713457790919,56.21068702138569,127.78439073477884,55.16655821633238,-999.0,5.0,64.0,7.0,14.0,18.0,12.0,13.0,0.99965500831604,21.757299423217773,0.1061410009860992,0.2610880136489868,7.0,21.58209991455078,22.14349937438965,21.552499771118164,0.1522739976644516,0.3784329891204834,7.0,21.58839988708496,0.1659159958362579,0.4410319924354553,7.0,115000.0,0.9997230172157288,20.48929977416992,0.0204610005021095,0.1275410056114196,14.0,20.25900077819824,20.740100860595703,20.39139938354492,0.0485830008983612,0.2152120023965835,14.0,20.300899505615234,0.048539001494646,0.2233150005340576,14.0,16892216.0,0.9996899962425232,19.779800415039062,0.0195119995623826,0.0782689973711967,17.0,19.641300201416016,19.920799255371094,19.60580062866211,0.024176999926567,0.1258189976215362,17.0,19.52449989318848,0.0223839990794658,0.1042409986257553,17.0,16892216.0,0.9993619918823242,19.452999114990234,0.0233660005033016,0.1044410020112991,11.0,19.26020050048828,19.609100341796875,19.265899658203125,0.0320460014045238,0.1822579950094223,11.0,19.188100814819336,0.0355570018291473,0.1718650013208389,11.0,16892216.0,0.9998180270195008,19.19540023803711,0.0507140010595321,0.2104859948158264,11.0,18.895000457763672,19.569900512695312,18.95840072631836,0.0701629966497421,0.3064189851284027,11.0,18.89139938354492,0.0550459995865821,0.2458530068397522,11.0,16892216.0,0.0274797012945487,21.55064010620117,20.273865312337875,19.50447720848024,19.17236360348761,18.878459635190666,0.4853448260526187,0.0368525213309645,0.0510377282609895,1840.4550452589224,1840455045.258922,-21.050760757090565,2.821329923353129e-05
378,PSO J187.0434+61.7262,-999,-999,-999,182071870435372140,3808000000082835,328526343521171,0,14688037210317,18207,1,2477,41,0.787120695958958,3808000,76491,3,436527104,7,52,187.04348377,61.72620847,0.0010000000474974,0.0010000000474974,187.0433876278064,61.72621735025112,0.009765673349646,0.009765673349646,20.727014324420143,12.123647480603497,6.834261656694439,6.834261656694439,55895.48071660868,4.5384135246276855,-0.4701106437158215,-0.0580837241838635,0.8806941941729994,147.7141429481989,56.21452268074024,127.75464100225116,55.18366150092229,-999,5,42,4,12,16,9,1,0.9991170167922974,21.680599212646484,0.1337170004844665,0.3417359888553619,4,21.284099578857425,22.04030036926269,20.295499801635746,0.0802429988980293,0.1444070041179657,4,20.49040031433105,0.0193569995462894,0.173673003911972,4,16892216,0.9993420243263244,20.95770072937012,0.0301159992814064,0.1062040030956268,12,20.731300354003903,21.0851993560791,20.70639991760254,0.0785280019044876,0.2588289976119995,12,20.65900039672852,0.069582000374794,0.2533409893512726,12,115000,0.9997299909591676,20.77280044555664,0.0279220007359981,0.1530320048332214,16,20.533599853515625,21.03199958801269,20.55620002746582,0.0518309995532035,0.2337940037250518,16,20.498199462890625,0.0505420006811618,0.2257619947195053,16,16892216,0.9996179938316344,20.46949958801269,0.0803209990262985,0.2081000059843063,8,20.22360038757324,20.76460075378418,20.187000274658203,0.1092500016093254,0.3628279864788055,8,20.049299240112305,0.1080399975180625,0.3598439991474151,8,115000,0.997224986553192,20.369400024414062,0.1901939958333969,-999.0,1,20.369400024414062,20.369400024414062,-999.0,-999.0,-999.0,1,20.83099937438965,0.1901939958333969,-999.0,1,115000,0.0247539252006155,733365.0,-999.0,-999.0,-999.0,1.8207187043537213e+17,3808000000082835.0,328526343521171.0,0.0,14688037210317.0,18207.0,1.0,2477.0,41.0,0.787120695958958,3808000.0,76491.0,3.0,436527104.0,7.0,52.0,187.04348377,61.72620847,0.0010000000474974,0.0010000000474974,187.0433876278064,61.72621735025112,0.009765673349646,0.009765673349646,20.727014324420143,12.123647480603497,6.834261656694439,6.834261656694439,55895.48071660868,4.5384135246276855,-0.4701106437158215,-0.0580837241838635,0.8806941941729994,147.7141429481989,56.21452268074024,127.75464100225116,55.18366150092229,-999.0,5.0,42.0,4.0,12.0,16.0,9.0,1.0,0.9991170167922974,21.680599212646484,0.1337170004844665,0.3417359888553619,4.0,21.284099578857425,22.04030036926269,20.295499801635746,0.0802429988980293,0.1444070041179657,4.0,20.49040031433105,0.0193569995462894,0.173673003911972,4.0,16892216.0,0.9993420243263244,20.95770072937012,0.0301159992814064,0.1062040030956268,12.0,20.731300354003903,21.0851993560791,20.70639991760254,0.0785280019044876,0.2588289976119995,12.0,20.65900039672852,0.069582000374794,0.2533409893512726,12.0,115000.0,0.9997299909591676,20.77280044555664,0.0279220007359981,0.1530320048332214,16.0,20.533599853515625,21.03199958801269,20.55620002746582,0.0518309995532035,0.2337940037250518,16.0,20.498199462890625,0.0505420006811618,0.2257619947195053,16.0,16892216.0,0.9996179938316344,20.46949958801269,0.0803209990262985,0.2081000059843063,8.0,20.22360038757324,20.76460075378418,20.187000274658203,0.1092500016093254,0.3628279864788055,8.0,20.049299240112305,0.1080399975180625,0.3598439991474151,8.0,115000.0,0.997224986553192,20.369400024414062,0.1901939958333969,-999.0,1.0,20.369400024414062,20.369400024414062,-999.0,-999.0,-999.0,1.0,20.83099937438965,0.1901939958333969,-999.0,1.0,115000.0,0.0247539252006155,20.453615028411143,20.632663894444708,20.478693518787622,20.03396817110479,20.81839357037097,0.4902605237480192,0.111415973562931,0.276973942484741,1856.6590225620696,1856659022.5620697,-20.710996867612128,2.027376659126065e-05
384,PSO J187.0312+61.7262,-999,-999,-999,182071870312172160,3808000000082003,328526343520339,0,14688037214456,18207,1,2477,41,0.684883228209692,3808000,76491,3,436527104,7,52,187.03124843,61.7261814,0.0010000000474974,0.0010000000474974,187.0311665976314,61.72618013662717,0.0094512145049605,0.0094512145049605,9.30008340958597,-10.5467999297101,6.4159700298503,6.4159700298503,55910.29525717429,4.931058883666992,-0.4701235898276242,-0.057983519591942,0.8806938865141046,147.7068636885012,56.21038657520407,127.76466060474016,55.18278528665859,-999,5,40,3,11,15,10,1,0.9993450045585632,22.10400009155273,0.1020630002021789,0.2294950038194656,2,22.12809944152832,22.332199096679688,21.68589973449707,0.3095090091228485,0.5940960049629211,3,21.77560043334961,0.2503730058670044,0.4284439980983734,3,16892216,0.9996560215950012,21.0762996673584,0.0375230014324188,0.0990549996495246,11,20.9325008392334,21.186399459838867,20.91230010986328,0.0572759993374347,0.2420960068702697,11,20.843700408935547,0.044939998537302,0.2050369977951049,11,115000,0.9992470145225524,20.60610008239746,0.0242120008915662,0.0848610028624534,15,20.473899841308597,20.794700622558597,20.39459991455078,0.0323150008916854,0.1685850024223327,15,20.31760025024414,0.0327490009367466,0.1786459982395172,15,16892216,0.9991379976272584,20.2947998046875,0.0675529986619949,0.2014770060777664,10,20.09819984436035,20.616100311279297,20.085100173950195,0.1125999987125396,0.5529940128326416,10,20.02449989318848,0.0538630001246929,0.2351990044116974,10,115000,0.8705620169639587,20.114599227905277,0.1611730009317398,-999.0,1,20.114599227905277,20.114599227905277,20.381500244140625,0.2538140118122101,-999.0,1,20.8129997253418,0.1611730009317398,-999.0,1,115000,0.0268306366318296,733371.0,-999.0,-999.0,-999.0,1.8207187031217216e+17,3808000000082003.0,328526343520339.0,0.0,14688037214456.0,18207.0,1.0,2477.0,41.0,0.684883228209692,3808000.0,76491.0,3.0,436527104.0,7.0,52.0,187.03124843,61.7261814,0.0010000000474974,0.0010000000474974,187.0311665976314,61.72618013662717,0.0094512145049605,0.0094512145049605,9.30008340958597,-10.5467999297101,6.4159700298503,6.4159700298503,55910.29525717429,4.931058883666992,-0.4701235898276242,-0.057983519591942,0.8806938865141046,147.7068636885012,56.21038657520407,127.76466060474016,55.18278528665859,-999.0,5.0,40.0,3.0,11.0,15.0,10.0,1.0,0.9993450045585632,22.10400009155273,0.1020630002021789,0.2294950038194656,2.0,22.12809944152832,22.332199096679688,21.68589973449707,0.3095090091228485,0.5940960049629211,3.0,21.77560043334961,0.2503730058670044,0.4284439980983734,3.0,16892216.0,0.9996560215950012,21.0762996673584,0.0375230014324188,0.0990549996495246,11.0,20.9325008392334,21.186399459838867,20.91230010986328,0.0572759993374347,0.2420960068702697,11.0,20.843700408935547,0.044939998537302,0.2050369977951049,11.0,115000.0,0.9992470145225524,20.60610008239746,0.0242120008915662,0.0848610028624534,15.0,20.4738998413086,20.7947006225586,20.39459991455078,0.0323150008916854,0.1685850024223327,15.0,20.31760025024414,0.0327490009367466,0.1786459982395172,15.0,16892216.0,0.9991379976272584,20.2947998046875,0.0675529986619949,0.2014770060777664,10.0,20.09819984436035,20.616100311279297,20.085100173950195,0.1125999987125396,0.5529940128326416,10.0,20.02449989318848,0.0538630001246929,0.2351990044116974,10.0,115000.0,0.8705620169639587,20.11459922790528,0.1611730009317398,-999.0,1.0,20.11459922790528,20.11459922790528,20.381500244140625,0.2538140118122101,-999.0,1.0,20.8129997253418,0.1611730009317398,-999.0,1.0,115000.0,0.0268306366318296,21.7383716404438,20.817046377807856,20.29785913042724,20.008983983658258,20.800241938792173,0.5646608449563935,0.1123743493647753,0.2242121324689859,2096.236132206867,2096236132.2068667,-20.79015463478651,1.7107299112873115e-05
449,PSO J186.9942+61.7652,-999,-999,-999,182111869943149020,3808000000079442,328526343517778,0,14688028209854,18211,1,2477,41,0.955374226863845,3808000,76491,3,436527104,7,52,186.99427135,61.7652238,0.0010000000474974,0.0010000000474974,186.99420289346853,61.76523180572044,0.0071317047049835,0.0071317047049835,4.174118874644358,-2.4070051564709587,5.503240022775246,5.503240022775246,55922.8996310668,4.2717766761779785,-0.469564993578098,-0.0576071059620454,0.8810165368190761,147.63482246797528,56.22546604056532,127.78405567036204,55.14144238540913,-999,5,43,3,13,15,9,3,0.999206006526947,22.08690071105957,0.0771799981594085,0.1312530040740966,3,21.97220039367676,22.23240089416504,22.04759979248047,0.2790159881114959,0.5519580245018005,3,21.90329933166504,0.0913050025701522,0.1779170036315918,3,115000,0.9996150135993958,20.81629943847656,0.0237920004874467,0.1191890016198158,13,20.67639923095703,21.052499771118164,20.739599227905277,0.0499319992959499,0.2086450010538101,13,20.632299423217773,0.0379679985344409,0.2001979947090149,13,115000,0.9996150135993958,20.340999603271484,0.0197599995881319,0.0871220007538795,15,20.167800903320312,20.45870018005371,20.159400939941406,0.0472609996795654,0.2239789962768554,15,20.092199325561523,0.0378520004451274,0.1788610070943832,15,16892216,0.9991919994354248,20.03700065612793,0.048395000398159,0.1896869987249374,9,19.717100143432617,20.234899520874023,19.98550033569336,0.0735599994659423,0.1552859991788864,9,19.943300247192383,0.0573819987475872,0.2064599990844726,9,115000,0.9982010126113892,19.775299072265625,0.0907210037112236,0.1901569962501526,3,19.64800071716309,20.01140022277832,19.39620018005371,0.0053679998964071,0.007592000067234,2,19.407100677490234,0.0091220000758767,0.0174579992890357,3,16892216,0.0330994259484077,733436.0,-999.0,-999.0,-999.0,1.8211186994314902e+17,3808000000079442.0,328526343517778.0,0.0,14688028209854.0,18211.0,1.0,2477.0,41.0,0.955374226863845,3808000.0,76491.0,3.0,436527104.0,7.0,52.0,186.99427135,61.7652238,0.0010000000474974,0.0010000000474974,186.99420289346853,61.76523180572044,0.0071317047049835,0.0071317047049835,4.174118874644358,-2.4070051564709587,5.503240022775246,5.503240022775246,55922.8996310668,4.2717766761779785,-0.469564993578098,-0.0576071059620454,0.8810165368190761,147.63482246797528,56.22546604056532,127.78405567036204,55.14144238540913,-999.0,5.0,43.0,3.0,13.0,15.0,9.0,3.0,0.999206006526947,22.08690071105957,0.0771799981594085,0.1312530040740966,3.0,21.97220039367676,22.23240089416504,22.04759979248047,0.2790159881114959,0.5519580245018005,3.0,21.90329933166504,0.0913050025701522,0.1779170036315918,3.0,115000.0,0.9996150135993958,20.81629943847656,0.0237920004874467,0.1191890016198158,13.0,20.67639923095703,21.052499771118164,20.73959922790528,0.0499319992959499,0.2086450010538101,13.0,20.632299423217773,0.0379679985344409,0.2001979947090149,13.0,115000.0,0.9996150135993958,20.340999603271484,0.0197599995881319,0.0871220007538795,15.0,20.167800903320312,20.45870018005371,20.159400939941406,0.0472609996795654,0.2239789962768554,15.0,20.092199325561523,0.0378520004451274,0.1788610070943832,15.0,16892216.0,0.9991919994354248,20.03700065612793,0.048395000398159,0.1896869987249374,9.0,19.717100143432617,20.234899520874023,19.98550033569336,0.0735599994659423,0.1552859991788864,9.0,19.943300247192383,0.0573819987475872,0.2064599990844726,9.0,115000.0,0.9982010126113892,19.775299072265625,0.0907210037112236,0.1901569962501526,3.0,19.64800071716309,20.01140022277832,19.39620018005371,0.0053679998964071,0.007592000067234,2.0,19.407100677490234,0.0091220000758767,0.0174579992890357,3.0,16892216.0,0.0330994259484077,21.865833289921284,20.605475533753637,20.0723324008286,19.927685459144413,19.39426158927381,0.5083694446878428,0.088089049273297,0.1211441426809726,1915.9484657652408,1915948465.765241,-20.80644358355299,2.0787860152256742e-05
508,PSO J187.0715+61.7585,-999,-999,-999,182111870716900862,3808000000084565,328526343522901,0,14688033549886,18211,1,2477,41,0.695420571319219,3808000,76491,3,444915712,7,53,187.07154507,61.75848334,0.0010000000474974,0.0010000000474974,187.07147008609,61.758474940383,0.0091675185678039,0.0091675185678039,15.361717407747816,-33.0535678311162,6.422315065694376,6.422315065694376,55957.39458780964,7.038016319274902,-0.4695899838841459,-0.0582530833884754,0.8809607399376109,147.68972941377572,56.246690595727735,127.7227559978175,55.1538744212579,-999,5,36,5,8,13,9,1,0.9991009831428528,21.68429946899414,0.0768849998712539,0.2054769992828369,5,21.53230094909668,21.98240089416504,21.259700775146484,0.1979700028896331,0.3645829856395721,4,21.28899955749512,0.1001399978995323,0.3040040135383606,4,115000,0.9996939897537231,20.86590003967285,0.040897998958826,0.2167209982872009,8,20.70509910583496,21.219600677490234,20.557899475097656,0.0386950001120567,0.2052839994430542,8,20.459800720214844,0.0315140001475811,0.1616780012845993,8,16892216,0.999629020690918,20.50670051574707,0.0330960005521774,0.1728920042514801,13,20.327800750732425,20.92040061950684,20.137699127197266,0.0524599999189376,0.1856549978256225,13,20.057100296020508,0.0343349985778331,0.1419219970703125,13,16892216,0.9997929930686952,20.35700035095215,0.0434410013258457,0.1589079946279525,8,20.017799377441406,20.52989959716797,20.01490020751953,0.0726080015301704,0.2839379906654358,8,19.997699737548828,0.0723450034856796,0.2401659935712814,8,115000,0.9982209801673888,20.32570075988769,0.1820079982280731,-999.0,1,20.32570075988769,20.32570075988769,20.05599975585937,0.2626160085201263,-999.0,1,20.002500534057617,0.1820079982280731,-999.0,1,115000,0.0109086278138116,733495.0,-999.0,-999.0,-999.0,1.8211187071690086e+17,3808000000084565.0,328526343522901.0,0.0,14688033549886.0,18211.0,1.0,2477.0,41.0,0.695420571319219,3808000.0,76491.0,3.0,444915712.0,7.0,53.0,187.07154507,61.75848334,0.0010000000474974,0.0010000000474974,187.07147008609,61.758474940383,0.0091675185678039,0.0091675185678039,15.361717407747816,-33.0535678311162,6.422315065694376,6.422315065694376,55957.39458780964,7.038016319274902,-0.4695899838841459,-0.0582530833884754,0.8809607399376109,147.68972941377572,56.246690595727735,127.7227559978175,55.1538744212579,-999.0,5.0,36.0,5.0,8.0,13.0,9.0,1.0,0.9991009831428528,21.68429946899414,0.0768849998712539,0.2054769992828369,5.0,21.53230094909668,21.98240089416504,21.259700775146484,0.1979700028896331,0.3645829856395721,4.0,21.28899955749512,0.1001399978995323,0.3040040135383606,4.0,115000.0,0.9996939897537231,20.86590003967285,0.040897998958826,0.2167209982872009,8.0,20.70509910583496,21.219600677490234,20.557899475097656,0.0386950001120567,0.2052839994430542,8.0,20.459800720214844,0.0315140001475811,0.1616780012845993,8.0,16892216.0,0.999629020690918,20.50670051574707,0.0330960005521774,0.1728920042514801,13.0,20.327800750732425,20.92040061950684,20.137699127197266,0.0524599999189376,0.1856549978256225,13.0,20.057100296020508,0.0343349985778331,0.1419219970703125,13.0,16892216.0,0.9997929930686952,20.35700035095215,0.0434410013258457,0.1589079946279525,8.0,20.017799377441406,20.52989959716797,20.01490020751953,0.0726080015301704,0.2839379906654358,8.0,19.997699737548828,0.0723450034856796,0.2401659935712814,8.0,115000.0,0.9982209801673888,20.32570075988769,0.1820079982280731,-999.0,1.0,20.32570075988769,20.32570075988769,20.05599975585937,0.2626160085201263,-999.0,1.0,20.002500534057617,0.1820079982280731,-999.0,1.0,115000.0,0.0109086278138116,21.25330159440637,20.434242689982057,20.038170920684934,19.98282183427364,19.990267341025174,0.3694782393674556,0.0849933915930051,0.1435763999915032,1444.693327149226,1444693327.149226,-20.36463564422842,2.433901083358206e-05
556,PSO J187.1169+61.7619,-999,-999,-999,182111871170394973,3808000000087514,328526343525850,0,14688034007278,18211,1,2477,41,0.0863905819937499,3808000,76491,3,436527104,7,52,187.1170366,61.76188941,0.0010000000474974,0.0010000000474974,187.11693636360545,61.76188975288766,0.0023948833015975,0.0024456623673209,0.4013325538315131,-24.96010133718798,1.851917968832244,1.855751858624047,55959.84678806289,4.260324001312256,-0.4694915087894337,-0.0586191964767153,0.880988940327315,147.7126695026577,56.264359691586606,127.68462888187032,55.15390677448429,-999,5,67,12,12,14,14,15,0.9996500015258788,19.778200149536133,0.0155870001763105,0.0529979988932609,12,19.712900161743164,19.86829948425293,19.883100509643555,0.021331999450922,0.1013749986886978,12,19.8125,0.025603000074625,0.0921700000762939,12,115000,0.9997360110282898,19.04680061340332,0.0092230001464486,0.0322269983589649,12,18.981199264526367,19.09449958801269,19.135499954223636,0.0107920002192258,0.0530700013041496,12,19.031099319458008,0.0139560000970959,0.0568910017609596,12,115000,0.9996860027313232,18.725400924682617,0.011536999605596,0.0370079986751079,13,18.66029930114746,18.776599884033203,18.805299758911133,0.012079999782145,0.0412099994719028,13,18.702800750732425,0.0112669998779892,0.0461819991469383,13,115000,0.9993929862976074,18.58639907836914,0.0083510000258684,0.062059000134468,12,18.559600830078125,18.70870018005371,18.69849967956543,0.0224200002849102,0.1187530010938644,12,18.603099822998047,0.0233200006186962,0.1789859980344772,12,115000,0.999796986579895,18.49340057373047,0.0186519995331764,0.0775950029492378,15,18.414100646972656,18.68720054626465,18.63689994812012,0.0269859991967678,0.1104860007762909,15,18.535200119018555,0.0209190007299184,0.126117005944252,15,115000,0.0309044433939996,733543.0,-999.0,-999.0,-999.0,1.8211187117039498e+17,3808000000087514.0,328526343525850.0,0.0,14688034007278.0,18211.0,1.0,2477.0,41.0,0.0863905819937499,3808000.0,76491.0,3.0,436527104.0,7.0,52.0,187.1170366,61.76188941,0.0010000000474974,0.0010000000474974,187.11693636360545,61.76188975288766,0.0023948833015975,0.0024456623673209,0.4013325538315131,-24.96010133718798,1.851917968832244,1.855751858624047,55959.84678806289,4.260324001312256,-0.4694915087894337,-0.0586191964767153,0.880988940327315,147.7126695026577,56.264359691586606,127.68462888187032,55.15390677448429,-999.0,5.0,67.0,12.0,12.0,14.0,14.0,15.0,0.9996500015258788,19.778200149536133,0.0155870001763105,0.0529979988932609,12.0,19.712900161743164,19.86829948425293,19.883100509643555,0.021331999450922,0.1013749986886978,12.0,19.8125,0.025603000074625,0.0921700000762939,12.0,115000.0,0.9997360110282898,19.04680061340332,0.0092230001464486,0.0322269983589649,12.0,18.981199264526367,19.09449958801269,19.13549995422364,0.0107920002192258,0.0530700013041496,12.0,19.031099319458008,0.0139560000970959,0.0568910017609596,12.0,115000.0,0.9996860027313232,18.725400924682617,0.011536999605596,0.0370079986751079,13.0,18.66029930114746,18.776599884033203,18.805299758911133,0.012079999782145,0.0412099994719028,13.0,18.702800750732425,0.0112669998779892,0.0461819991469383,13.0,115000.0,0.9993929862976074,18.58639907836914,0.0083510000258684,0.062059000134468,12.0,18.559600830078125,18.70870018005371,18.69849967956543,0.0224200002849102,0.1187530010938644,12.0,18.603099822998047,0.0233200006186962,0.1789859980344772,12.0,115000.0,0.999796986579895,18.49340057373047,0.0186519995331764,0.0775950029492378,15.0,18.414100646972656,18.68720054626465,18.63689994812012,0.0269859991967678,0.1104860007762909,15.0,18.535200119018555,0.0209190007299184,0.126117005944252,15.0,115000.0,0.0309044433939996,19.77719199284911,19.005820479243997,18.684078156948093,18.588384442962703,18.523100559599698,0.2083082017282203,0.045216099937186,0.063459940173775,848.8875320354674,848887532.0354674,-20.63843029558062,9.071347590552365e-05
593,PSO J187.0389+61.7661,-999,-999,-999,182121870388980086,3808000000082484,328526343520820,0,14688033477815,18212,1,2477,41,0.737722377979869,3808000,76491,3,444915712,7,53,187.03898918,61.76611727,0.0010000000474974,0.0010000000474974,187.0389029232598,61.76611746745242,0.008123272493433,0.008123272493433,-7.384390205286062,-15.956007886561064,5.91316268036501,5.91316268036501,56061.67159407363,6.297774791717529,-0.469506391849461,-0.0579717566224971,0.8810238495333723,147.6604768308021,56.24110400534791,127.74728352142786,55.1439263107569,-999,5,48,7,13,14,7,7,0.9998000264167786,21.86720085144043,0.0825709998607635,0.2178239971399307,7,21.509300231933597,22.159099578857425,21.55929946899414,0.1305699944496154,0.4170219898223877,7,21.716800689697266,0.074484996497631,0.2032079994678497,7,115000,0.999442994594574,21.00300025939941,0.0563100017607212,0.1741800010204315,13,20.682300567626957,21.28709983825684,20.799400329589844,0.0925270020961761,0.3754610121250152,13,20.679000854492188,0.0542839989066123,0.2213030010461807,13,16892216,0.9995309710502625,20.437599182128903,0.0159949995577335,0.0768060013651847,12,20.323299407958984,20.593000411987305,20.258699417114254,0.0517389997839927,0.2681240141391754,13,20.171300888061523,0.0462340004742145,0.1683849990367889,13,16892216,0.999787986278534,20.02939987182617,0.0773800015449523,0.1670999974012375,7,19.77440071105957,20.178600311279297,19.63050079345703,0.0885040014982223,0.3289310038089752,7,19.58180046081543,0.0867320001125335,0.2661980092525482,7,16892216,0.9993939995765686,19.84040069580078,0.0569830015301704,0.2273479998111724,7,19.555400848388672,20.183399200439453,19.560300827026367,0.1271799951791763,0.3870539963245392,7,19.46220016479492,0.0962650030851364,0.3394599854946136,7,115000,0.0179816320551726,733580.0,-999.0,-999.0,-999.0,1.821218703889801e+17,3808000000082484.0,328526343520820.0,0.0,14688033477815.0,18212.0,1.0,2477.0,41.0,0.737722377979869,3808000.0,76491.0,3.0,444915712.0,7.0,53.0,187.03898918,61.76611727,0.0010000000474974,0.0010000000474974,187.0389029232598,61.76611746745242,0.008123272493433,0.008123272493433,-7.384390205286062,-15.956007886561064,5.91316268036501,5.91316268036501,56061.67159407363,6.297774791717529,-0.469506391849461,-0.0579717566224971,0.8810238495333723,147.6604768308021,56.24110400534791,127.74728352142786,55.1439263107569,-999.0,5.0,48.0,7.0,13.0,14.0,7.0,7.0,0.9998000264167786,21.86720085144043,0.0825709998607635,0.2178239971399307,7.0,21.5093002319336,22.159099578857425,21.55929946899414,0.1305699944496154,0.4170219898223877,7.0,21.716800689697266,0.074484996497631,0.2032079994678497,7.0,115000.0,0.999442994594574,21.00300025939941,0.0563100017607212,0.1741800010204315,13.0,20.68230056762696,21.28709983825684,20.799400329589844,0.0925270020961761,0.3754610121250152,13.0,20.679000854492188,0.0542839989066123,0.2213030010461807,13.0,16892216.0,0.9995309710502625,20.437599182128903,0.0159949995577335,0.0768060013651847,12.0,20.323299407958984,20.593000411987305,20.25869941711425,0.0517389997839927,0.2681240141391754,13.0,20.171300888061523,0.0462340004742145,0.1683849990367889,13.0,16892216.0,0.999787986278534,20.02939987182617,0.0773800015449523,0.1670999974012375,7.0,19.77440071105957,20.178600311279297,19.63050079345703,0.0885040014982223,0.3289310038089752,7.0,19.58180046081543,0.0867320001125335,0.2661980092525482,7.0,16892216.0,0.9993939995765686,19.84040069580078,0.0569830015301704,0.2273479998111724,7.0,19.555400848388672,20.183399200439453,19.560300827026367,0.1271799951791763,0.3870539963245392,7.0,19.46220016479492,0.0962650030851364,0.3394599854946136,7.0,115000.0,0.0179816320551726,21.680251505225897,20.652833389118317,20.15192013978958,19.566567791625857,19.449675270356234,0.5235861020510818,0.0552141320314046,0.0899550463785853,1965.2795151856324,1965279515.1856325,-20.814288247720683,1.9900621712441605e-05
657,PSO J187.0769+61.7730,-999,-999,-999,182121870770468280,3808000000084855,328526343523191,0,14688033591980,18212,1,2477,41,0.0459725326355291,3808000,76491,3,512024576,7,61,187.0769917,61.77295448,0.0010000000474974,0.0010000000474974,187.07689352873072,61.77295778296316,0.0025284902488259,0.0025284902488259,6.083605395375124,-2.6362360705234025,1.8261646031732308,1.8261646031732308,55940.26173126237,7.261522769927978,-0.4693634658475725,-0.0582700963401424,0.8810803214236856,147.67449401757327,56.25868792157368,127.71434395214588,55.14000139334738,-999,5,66,12,12,16,12,14,0.9996140003204346,20.989900588989254,0.0332969985902309,0.1246370002627372,11,20.77510070800781,21.125,20.278400421142575,0.035445999354124,0.1809359937906265,12,20.350500106811523,0.0412079989910125,0.1499399989843368,12,16892216,0.99966698884964,19.635499954223636,0.0300050005316734,0.1218760013580322,12,19.475000381469727,19.81180000305176,19.020700454711918,0.0190629996359348,0.0926100015640258,12,19.053699493408203,0.0248799994587898,0.128273993730545,12,16892216,0.9996790289878844,19.084400177001957,0.0110510000959038,0.0432620011270046,12,18.986900329589844,19.142099380493164,18.42770004272461,0.0169590003788471,0.0769260004162788,16,18.52440071105957,0.0152909997850656,0.0548989996314048,16,16892216,0.9998080134391784,18.77879905700684,0.0422890000045299,0.1047699972987175,10,18.629499435424805,18.97520065307617,18.23150062561035,0.0415159985423088,0.1075780019164085,11,18.298099517822266,0.0259089991450309,0.108924999833107,11,16892216,0.999339997768402,18.73240089416504,0.0291809998452663,0.1199100017547607,13,18.57379913330078,19.02330017089844,18.096399307250977,0.0361430011689662,0.1861719936132431,13,18.16029930114746,0.0311389993876218,0.1486349999904632,13,16892216,0.0247372426936645,733644.0,-999.0,-999.0,-999.0,1.821218707704683e+17,3808000000084855.0,328526343523191.0,0.0,14688033591980.0,18212.0,1.0,2477.0,41.0,0.0459725326355291,3808000.0,76491.0,3.0,512024576.0,7.0,61.0,187.0769917,61.77295448,0.0010000000474974,0.0010000000474974,187.07689352873072,61.77295778296316,0.0025284902488259,0.0025284902488259,6.083605395375124,-2.6362360705234025,1.8261646031732308,1.8261646031732308,55940.26173126237,7.261522769927978,-0.4693634658475725,-0.0582700963401424,0.8810803214236856,147.67449401757327,56.25868792157368,127.71434395214588,55.14000139334738,-999.0,5.0,66.0,12.0,12.0,16.0,12.0,14.0,0.9996140003204346,20.98990058898925,0.0332969985902309,0.1246370002627372,11.0,20.77510070800781,21.125,20.27840042114257,0.035445999354124,0.1809359937906265,12.0,20.350500106811523,0.0412079989910125,0.1499399989843368,12.0,16892216.0,0.99966698884964,19.63549995422364,0.0300050005316734,0.1218760013580322,12.0,19.475000381469727,19.81180000305176,19.02070045471192,0.0190629996359348,0.0926100015640258,12.0,19.053699493408203,0.0248799994587898,0.128273993730545,12.0,16892216.0,0.9996790289878844,19.08440017700196,0.0110510000959038,0.0432620011270046,12.0,18.986900329589844,19.142099380493164,18.42770004272461,0.0169590003788471,0.0769260004162788,16.0,18.52440071105957,0.0152909997850656,0.0548989996314048,16.0,16892216.0,0.9998080134391784,18.77879905700684,0.0422890000045299,0.1047699972987175,10.0,18.629499435424805,18.97520065307617,18.23150062561035,0.0415159985423088,0.1075780019164085,11.0,18.298099517822266,0.0259089991450309,0.108924999833107,11.0,16892216.0,0.999339997768402,18.73240089416504,0.0291809998452663,0.1199100017547607,13.0,18.57379913330078,19.02330017089844,18.096399307250977,0.0361430011689662,0.1861719936132431,13.0,18.16029930114746,0.0311389993876218,0.1486349999904632,13.0,16892216.0,0.0247372426936645,20.314691189676523,19.028062023222446,18.505412500351667,18.28317537158728,18.148028085939583,0.3105121080906853,0.0240803056127206,0.0362106727149281,1232.9010823265398,1232901082.3265398,-21.426579145956325,8.887409486645211e-05
673,PSO J187.1001+61.7730,-999,-999,-999,182121871002548327,3808000000086449,328526343524785,0,14688033618600,18212,1,2477,41,0.303971150241765,3808000,76491,3,444915712,7,53,187.10016307,61.77294694,0.0010000000474974,0.0010000000474974,187.10005669003803,61.77295240801624,0.0081944509524765,0.0081944509524765,17.242580601207184,-2.1347519004299627,6.196954544642094,6.196954544642094,56043.22661219065,8.749478340148926,-0.4693399524616131,-0.0584598529677877,0.8810802770544325,147.68835136061864,56.26648835767715,127.69540361815788,55.14170009090759,-999,5,45,12,12,14,6,1,0.9997159838676452,21.27359962463379,0.0360930003225803,0.1104400008916854,11,21.09860038757324,21.4512996673584,21.15559959411621,0.0722519978880882,0.1923220008611679,11,21.110700607299805,0.0521479994058609,0.1551329940557479,11,115000,0.9996790289878844,20.73979949951172,0.032464999705553,0.1030689999461174,11,20.54010009765625,20.94529914855957,20.50359916687012,0.0313870012760162,0.120397001504898,11,20.41530036926269,0.0269230008125305,0.0983349978923797,11,16892216,0.9996700286865234,20.72330093383789,0.0246419999748468,0.1285569965839386,13,20.533700942993164,21.05649948120117,20.432300567626957,0.0449480004608631,0.1467310041189193,13,20.355600357055664,0.0348340012133121,0.1493429988622665,13,16892216,0.9990379810333252,20.548799514770508,0.0634950026869773,0.1336279958486557,6,20.39900016784668,20.72879981994629,20.40589904785156,0.0617609992623329,0.1686419993638992,6,20.27330017089844,0.0640169978141784,0.1462199985980987,6,115000,0.9981080293655396,20.452299118041992,0.2065200060606002,-999.0,1,20.452299118041992,20.452299118041992,-999.0,-999.0,-999.0,1,20.82029914855957,0.2065200060606002,-999.0,1,115000,0.0307130662352805,733660.0,-999.0,-999.0,-999.0,1.8212187100254832e+17,3808000000086449.0,328526343524785.0,0.0,14688033618600.0,18212.0,1.0,2477.0,41.0,0.303971150241765,3808000.0,76491.0,3.0,444915712.0,7.0,53.0,187.10016307,61.77294694,0.0010000000474974,0.0010000000474974,187.10005669003803,61.77295240801624,0.0081944509524765,0.0081944509524765,17.242580601207184,-2.1347519004299627,6.196954544642094,6.196954544642094,56043.22661219065,8.749478340148926,-0.4693399524616131,-0.0584598529677877,0.8810802770544325,147.68835136061864,56.26648835767715,127.69540361815788,55.14170009090759,-999.0,5.0,45.0,12.0,12.0,14.0,6.0,1.0,0.9997159838676452,21.27359962463379,0.0360930003225803,0.1104400008916854,11.0,21.09860038757324,21.4512996673584,21.15559959411621,0.0722519978880882,0.1923220008611679,11.0,21.110700607299805,0.0521479994058609,0.1551329940557479,11.0,115000.0,0.9996790289878844,20.73979949951172,0.032464999705553,0.1030689999461174,11.0,20.54010009765625,20.94529914855957,20.50359916687012,0.0313870012760162,0.120397001504898,11.0,20.41530036926269,0.0269230008125305,0.0983349978923797,11.0,16892216.0,0.9996700286865234,20.72330093383789,0.0246419999748468,0.1285569965839386,13.0,20.533700942993164,21.05649948120117,20.43230056762696,0.0449480004608631,0.1467310041189193,13.0,20.355600357055664,0.0348340012133121,0.1493429988622665,13.0,16892216.0,0.9990379810333252,20.548799514770508,0.0634950026869773,0.1336279958486557,6.0,20.39900016784668,20.72879981994629,20.40589904785156,0.0617609992623329,0.1686419993638992,6.0,20.27330017089844,0.0640169978141784,0.1462199985980987,6.0,115000.0,0.9981080293655396,20.452299118041992,0.2065200060606002,-999.0,1.0,20.452299118041992,20.452299118041992,-999.0,-999.0,-999.0,1.0,20.82029914855957,0.2065200060606002,-999.0,1.0,115000.0,0.0307130662352805,21.07540099695325,20.39002753980457,20.33688221499324,20.258588289842013,20.808202465996143,0.2883074836191848,0.0747561117114044,0.1449327874870525,1151.3021466909968,1151302146.690997,-19.91591903238611,2.5350643275288247e-05
693,PSO J187.0574+61.7780,-999,-999,-999,182131870575984373,3808000000083679,328526343522015,0,14688025413913,18213,1,2477,41,0.844788743038465,3808000,76491,3,444915712,7,53,187.05753259,61.77804719,0.0010000000474974,0.0010000000474974,187.0574370004632,61.77805511618649,0.0118937877369526,0.0118937877369526,25.595314144694804,7.292257525658094,7.990962197311796,7.990962197311796,56042.89381483968,6.654202461242676,-0.4693054326748296,-0.0581010753016848,0.8811223955334916,147.65631752495227,56.25573391974695,127.72884160832768,55.13352165593655,-999,5,33,1,7,15,9,1,0.999684989452362,21.886499404907227,0.1609919965267181,-999.0,1,21.886499404907227,21.886499404907227,20.98360061645508,0.1572429984807968,-999.0,1,21.00860023498535,0.1609919965267181,-999.0,1,16892216,0.999633014202118,21.476999282836918,0.0383220016956329,0.121068000793457,7,21.39419937133789,21.730499267578125,20.713499069213867,0.1173169985413551,0.3136680126190185,7,20.7859001159668,0.1399060040712356,0.3337270021438598,7,16892216,0.9996820092201232,20.78700065612793,0.037186998873949,0.1890719980001449,15,20.545299530029297,21.08169937133789,20.360200881958008,0.0447920002043247,0.2183199971914291,15,20.271299362182617,0.0342670008540153,0.150855004787445,15,16892216,0.999339997768402,20.444000244140625,0.0574689991772174,0.2183240056037902,7,20.1156005859375,20.70709991455078,20.089799880981445,0.0505499988794326,0.1588999927043914,7,20.029800415039062,0.0532739982008934,0.2175720036029815,7,16892216,0.996645987033844,20.14229965209961,0.1668290048837661,-999.0,1,20.14229965209961,20.14229965209961,20.238800048828125,0.2588259875774383,-999.0,1,19.993600845336918,0.1668290048837661,-999.0,1,115000,0.027878640836924,733680.0,-999.0,-999.0,-999.0,1.821318705759844e+17,3808000000083679.0,328526343522015.0,0.0,14688025413913.0,18213.0,1.0,2477.0,41.0,0.844788743038465,3808000.0,76491.0,3.0,444915712.0,7.0,53.0,187.05753259,61.77804719,0.0010000000474974,0.0010000000474974,187.0574370004632,61.77805511618649,0.0118937877369526,0.0118937877369526,25.595314144694804,7.292257525658094,7.990962197311796,7.990962197311796,56042.89381483968,6.654202461242676,-0.4693054326748296,-0.0581010753016848,0.8811223955334916,147.65631752495227,56.25573391974695,127.72884160832768,55.13352165593655,-999.0,5.0,33.0,1.0,7.0,15.0,9.0,1.0,0.999684989452362,21.886499404907227,0.1609919965267181,-999.0,1.0,21.886499404907227,21.886499404907227,20.98360061645508,0.1572429984807968,-999.0,1.0,21.00860023498535,0.1609919965267181,-999.0,1.0,16892216.0,0.999633014202118,21.47699928283692,0.0383220016956329,0.121068000793457,7.0,21.39419937133789,21.730499267578125,20.713499069213867,0.1173169985413551,0.3136680126190185,7.0,20.7859001159668,0.1399060040712356,0.3337270021438598,7.0,16892216.0,0.9996820092201232,20.78700065612793,0.037186998873949,0.1890719980001449,15.0,20.545299530029297,21.08169937133789,20.360200881958008,0.0447920002043247,0.2183199971914291,15.0,20.271299362182617,0.0342670008540153,0.150855004787445,15.0,16892216.0,0.999339997768402,20.444000244140625,0.0574689991772174,0.2183240056037902,7.0,20.1156005859375,20.70709991455078,20.089799880981445,0.0505499988794326,0.1588999927043914,7.0,20.029800415039062,0.0532739982008934,0.2175720036029815,7.0,16892216.0,0.996645987033844,20.14229965209961,0.1668290048837661,-999.0,1.0,20.14229965209961,20.14229965209961,20.238800048828125,0.2588259875774383,-999.0,1.0,19.99360084533692,0.1668290048837661,-999.0,1.0,115000.0,0.027878640836924,20.972215972840782,20.759850727394227,20.25200606696308,20.014636481180787,19.98113246727735,0.5648074639100268,0.1045029554117355,0.1683283622477402,2096.6978813849964,2096697881.3849964,-20.847828554403154,1.803265646066709e-05
699,PSO J187.0654+61.7780,-999,-999,-999,182131870654864355,3808000000084156,328526343522492,0,14688025413450,18213,1,2477,41,0.630660731001441,3808000,76491,3,503635968,7,60,187.06548374,61.77802443,0.0010000000474974,0.0010000000474974,187.06538378696504,61.7780340881439,0.0001752085111336,0.0001765044622551,-1.0849573108633814,-6.26217790999771,0.1377539632764054,0.1366133415152781,55868.2419009102,184.17140197753903,-0.4692976906055922,-0.0581662060511323,0.8811222219793773,147.6611040438445,56.25839216594002,127.72235211200216,55.13413212866634,-999,5,72,12,12,18,18,12,0.9996489882469176,15.542499542236328,0.0020800000056624,0.007683000061661,10,15.532099723815918,15.55519962310791,15.591500282287598,0.002521000104025,0.0096850004047155,12,15.53439998626709,0.00211300002411,0.0079060001298785,12,115000,0.9997389912605286,14.958000183105469,0.0020310000982135,0.0052359998226165,8,14.94729995727539,14.96310043334961,15.0108003616333,0.0018850000342354,0.005917000118643,11,14.951299667358398,0.0020860000513494,0.0073890001513063,11,115000,0.9996799826622008,14.725600242614746,0.0027920000720769,0.0103700002655386,11,14.710599899291992,14.742600440979004,14.779800415039062,0.0017509999452158,0.0067449999041855,14,14.71909999847412,0.0018629999831318,0.0073239998891949,14,115000,0.999517023563385,14.62950038909912,0.0036410000175237,0.0145479999482631,12,14.617300033569336,14.659799575805664,14.6899995803833,0.0025859999004751,0.0177779998630285,17,14.628999710083008,0.0011330000124871,0.0114029999822378,17,115000,0.999239981174469,14.561599731445312,0.0038230000063776,0.0131900003179907,8,14.53719997406006,14.57800006866455,14.583000183105469,0.0055990000255405,0.0206829998642206,11,14.550399780273438,0.0041459999047219,0.0130799999460577,11,115000,0.0281693976165304,733686.0,-999.0,-999.0,-999.0,1.8213187065486435e+17,3808000000084156.0,328526343522492.0,0.0,14688025413450.0,18213.0,1.0,2477.0,41.0,0.630660731001441,3808000.0,76491.0,3.0,503635968.0,7.0,60.0,187.06548374,61.77802443,0.0010000000474974,0.0010000000474974,187.06538378696504,61.7780340881439,0.0001752085111336,0.0001765044622551,-1.0849573108633814,-6.26217790999771,0.1377539632764054,0.1366133415152781,55868.2419009102,184.17140197753903,-0.4692976906055922,-0.0581662060511323,0.8811222219793773,147.6611040438445,56.25839216594002,127.72235211200216,55.13413212866634,-999.0,5.0,72.0,12.0,12.0,18.0,18.0,12.0,0.9996489882469176,15.542499542236328,0.0020800000056624,0.007683000061661,10.0,15.532099723815918,15.55519962310791,15.591500282287598,0.002521000104025,0.0096850004047155,12.0,15.53439998626709,0.00211300002411,0.0079060001298785,12.0,115000.0,0.9997389912605286,14.958000183105469,0.0020310000982135,0.0052359998226165,8.0,14.94729995727539,14.96310043334961,15.0108003616333,0.0018850000342354,0.005917000118643,11.0,14.951299667358398,0.0020860000513494,0.0073890001513063,11.0,115000.0,0.9996799826622008,14.725600242614746,0.0027920000720769,0.0103700002655386,11.0,14.710599899291992,14.742600440979004,14.779800415039062,0.0017509999452158,0.0067449999041855,14.0,14.71909999847412,0.0018629999831318,0.0073239998891949,14.0,115000.0,0.999517023563385,14.62950038909912,0.0036410000175237,0.0145479999482631,12.0,14.617300033569336,14.659799575805664,14.6899995803833,0.0025859999004751,0.0177779998630285,17.0,14.628999710083008,0.0011330000124871,0.0114029999822378,17.0,115000.0,0.999239981174469,14.561599731445312,0.0038230000063776,0.0131900003179907,8.0,14.53719997406006,14.57800006866455,14.583000183105469,0.0055990000255405,0.0206829998642206,11.0,14.550399780273438,0.0041459999047219,0.0130799999460577,11.0,115000.0,0.0281693976165304,15.49820751324296,14.925387592986226,14.699908403679729,14.613915709778666,14.537997126579285,0.0098248855587781,0.0133470736076792,0.019457524212494,41.98431047658519,41984310.47658519,-18.190047532044304,0.0038890628598149
