objID,ra,dec
121350004218769921,0.42192386,11.13284468
121350004267159732,0.42677111,11.13269933
121350004280159280,0.42801681,11.13232952
121350004285746490,0.42860041,11.12999861
121350004286369889,0.42863728,11.13283717
121350004289706419,0.42890492,11.12991233
121350004310607986,0.43110543,11.1312429
121350004358347912,0.43583521,11.13118904
121350004372059142,0.43725151,11.13219136
121350004372668488,0.43731332,11.13164666
121350004381428691,0.43814009,11.13186816
121350004385628511,0.4386178,11.13165657
121350004390199915,0.43901994,11.13285139
121370004424494254,0.44244673,11.14483646
121370004425291427,0.44258056,11.14244155
121370004426394869,0.4426337,11.14533886
121370004437038629,0.44375121,11.14844183
121370004449422042,0.44506503,11.14295948
121370004451014557,0.44516184,11.14505985
121370004456007533,0.44565192,11.1475163
121370004459847073,0.44597429,11.14715441
121370004460561777,0.44617195,11.14276441
121370004461125873,0.44616817,11.14615244
121370004464682847,0.44658871,11.14363029
121370004467943274,0.44680891,11.1439947
121370004473615698,0.44736196,11.14600911
121370004476511206,0.4476588,11.14227444
121370004496359089,0.44962752,11.14883465
121370004500866430,0.45013967,11.14660445
121370004529030044,0.45290449,11.14130093
121370004529609283,0.45296497,11.1490039
121370004531396832,0.45313962,11.14692623
121370004533947844,0.45344771,11.14778362
121370004534082608,0.45344886,11.14343155
121370004538220390,0.45382741,11.14159407
121370004542322343,0.45425339,11.14320014
121370004544889853,0.45453887,11.14946252
121370004547980708,0.45479839,11.14185277
121370004554900886,0.45549514,11.14200689
121370004560161153,0.45606563,11.14220143
121370004564412195,0.45649079,11.1430698
121370004569668146,0.45702091,11.14803461
121370004572841885,0.45744031,11.14280924
121370004587238653,0.45877793,11.14845766
121370004587344215,0.45878809,11.14476925
121370004592044757,0.45925512,11.14521379
121370004597039966,0.45981917,11.14950848
121370004607554458,0.46075693,11.14497755
121370004608313235,0.46088468,11.14395007
121370004608703609,0.46092709,11.14424262
121370004635189921,0.46357631,11.14958461
121370004643305083,0.46439183,11.14547966
121370004662104030,0.46625039,11.14461792
121370004674193394,0.46745736,11.1440922
121380004006875979,0.4007281,11.15462061
121380004032775076,0.40328266,11.15384505
121380004033326644,0.40333656684872277,11.155001931825506
121380004035706255,0.4032556319092663,11.1550186836333
121380004050969135,0.40513213463763564,11.157212019065433
121380004051035973,0.405042375788267,11.154525901332807
121380004051520998,0.40519806,11.15041865
121380004055537632,0.40556025,11.15596068
121380004056980247,0.40574396,11.14980373
121380004064597932,0.40646964,11.15620623
121380004066704954,0.40667616,11.15373622
121380004067042700,0.4067011,11.15185803
121380004067803967,0.40677747,11.15291348
121380004068206875,0.40681741,11.15533691
121380004069972103,0.4069931,11.15135783
121380004071274889,0.4071232,11.15367916
121380004076361456,0.40763924,11.15081743
121380004085410228,0.40854095,11.14979498
121380004092791519,0.40928165,11.15086928
121380004094506568,0.40944658,11.15508041
121380004097195287,0.40971509,11.1540103
121380004100570578,0.41006726,11.1500818
121380004106045265,0.41061243,11.15398731
121380004114849518,0.4115339,11.15751628
121380004117083658,0.41171446,11.15264942
121380004117290293,0.41173672,11.14984439
121380004118622838,0.41187338,11.15196469
121380004120233540,0.41206068,11.15255107
121380004120694110,0.41210928,11.15302823
121380004121849921,0.41219171,11.15786793
121380004124408008,0.41249097,11.15625778
121380004124593958,0.41250575,11.15289367
121380004128025238,0.41284456,11.15395264
121380004129485920,0.41295116,11.15453506
121380004130815415,0.41308858,11.15411308
121380004131112236,0.41316406,11.15145666
121380004135902990,0.41346532,11.1521263
121380004136696679,0.41367828,11.15516536
121380004137222945,0.41376011,11.15205535
121380004143350225,0.4143426,11.14978848
121380004143555891,0.41436266,11.15450966
121380004156762597,0.41568384,11.15176462
121380004165397149,0.41656413,11.15542597
121380004166299026,0.41667019,11.15712466
121380004174363401,0.41752813,11.15244864
121380004174579476,0.41746562,11.15749526
121380004177221536,0.41772282,11.15090558
121380004177931960,0.41779907,11.1512674
121380004184449244,0.41844547,11.15733155
121380004185159709,0.41852078,11.15772686
121380004192019681,0.41925939,11.15766341
121380004196111543,0.41961241,11.15090197
121380004214288808,0.42143341,11.15694394
121380004223226744,0.4223277,11.15522437
121380004228917633,0.42289137,11.15595848
121380004230541848,0.42311108,11.15112977
121380004231983167,0.42325295,11.15221919
121380004252490470,0.42525017,11.14999755
121380004260060737,0.42600701,11.15021015
121380004270398887,0.42709165481134087,11.156995510644743
121380004271451216,0.42714621,11.15060941
121380004277657097,0.42777088,11.15551598
121380004277933074,0.42788726,11.15217296
121410004028801209,0.40291709,11.1755965
121410004029764106,0.40297762,11.1780182
121410004030590530,0.40295908,11.1751947
121410004032275651,0.40317158,11.179394
121410004046887175,0.4047201857622676,11.180589831595457
121410004047544346,0.40474577,11.17823687
121410004052848753,0.40527763,11.18190425
121410004055650703,0.405594034003676,11.175141210838234
121410004069718699,0.40702994,11.18184596
121410004072366926,0.40723314,11.18037429
121410004075055808,0.40749758,11.17945405
121410004084249662,0.40843472,11.18265505
121410004088039301,0.4088458610098936,11.182343877916244
121410004096485168,0.40966022,11.1789099
121410004102673781,0.41027644,11.17775418
121410004103617063,0.41042891,11.18050535
121410004105693336,0.4105779,11.17738029
121410004107421604,0.41076015,11.17596258
121410004109893145,0.41100698,11.17723997
121410004111794907,0.41119709,11.17871504
121410004119378908,0.41195449,11.18204906
121410004123999719,0.41243748,11.18267984
121410004124167755,0.41242446,11.18106222
121410004126658009,0.41267574,11.18127346
121410004127911386,0.41279065,11.17575064
121410004142333506,0.4142873319733913,11.177519985601123
121410004149714764,0.41517905,11.17844034
121410004153255418,0.41532731,11.17911452
121410004165467650,0.41654749,11.1809714
121410004176065956,0.41765394,11.1796402
121410004185109506,0.41851874,11.18250855
121410004188107607,0.4188638538127654,11.180948087578809
121410004189981881,0.41899946,11.17616447
121410004192906036,0.419342,11.17962318
121410004211295304,0.4211751720870542,11.179008661942209
121410004214351770,0.42147269,11.17607186
121410004217311383,0.4218299830125161,11.175844344783844
121410004219721822,0.42196951,11.17611265
121410004227382668,0.42279689,11.17681913
121410004228931727,0.42294015,11.17601912
121410004240897847,0.42415011,11.18113693
121410004260116816,0.42604283,11.18041678
121410004260517944,0.42612447,11.1812277
121410004272262880,0.42722409,11.17699206
121410004282790376,0.42827736,11.17490537
121410004286367350,0.42864614,11.18072417
121410004292003682,0.42920585,11.17764889
121410004292410473,0.42924129,11.1749888
121410004293792369,0.42937992,11.17657022
121410004297583668,0.42975886,11.17765251
121410004298721186,0.42987847,11.17556899
121410004301049297,0.4301464184831914,11.182371640169528
121410004302830729,0.43028256,11.17519911
121410004304249696,0.43046586,11.18264865
121410004307512826,0.43075273,11.17695057
121410004313035147,0.43130321,11.17888489
121410004321164221,0.4321697,11.17810337
121410004330661162,0.43312539,11.17556099
121410004342391663,0.43424239,11.17597795
121410004344554673,0.43445878,11.17848653
121410004348749677,0.4348694,11.18291466
121410004349962554,0.43502143,11.17672083
121410004365572146,0.43655781,11.17638402
121410004367032261,0.43685342,11.17643582
121410004373628316,0.43741839,11.18149898
121410004381106239,0.4381384,11.17979071
121410004383087862,0.43840048,11.18120409
121410004384658392,0.43844414359465433,11.181445531710406
121410004387521229,0.43877793,11.17561436
121410004395765562,0.4396382700325444,11.179208107277539
121410004398847209,0.43993621,11.18059948
121410004399215346,0.43992777,11.17905432
121410004403759273,0.44045017,11.18232305
121410004412018160,0.44122901,11.18138843
121410004417870423,0.4418600613994616,11.174925558280234
121410004421553654,0.44215864,11.17763635
121410004424249980,0.44242825,11.18288342
121410004440088614,0.4441752,11.1817328
121410004440415518,0.44409095,11.17916411
121410004443885398,0.44445358,11.17908483
121410004450457901,0.44495596,11.18123347
121410004455335513,0.44558521,11.17917827
121410004457162381,0.44572679,11.17658871
121410004469078845,0.44690881,11.18196826
121410004471074965,0.44711704,11.17873872
121410004475625280,0.44758834,11.17897667
121410004486700947,0.44872045,11.17543521
121410004489181432,0.44895049,11.1758493
121410004495586704,0.4496065426533364,11.180180136118386
121410004496367213,0.44969236,11.18060135
121410004498482716,0.44985369,11.17686916
121410004502369584,0.450283,11.18257132
121410004504152341,0.45045063,11.17654112
121410004505251905,0.45052519,11.17619537
121410004508039659,0.45080419,11.18264462
121410004509821482,0.45097741,11.17583631
121410004510895201,0.45108499,11.17893523
121410004512720530,0.45131862,11.17500563
121410004512967520,0.45131364,11.18086533
121410004514123702,0.45140743,11.17768555
121410004524127653,0.45241568,11.18097583
121410004526553929,0.45270983069799425,11.177877483076465
121410004532792954,0.4533163017705044,11.177071163640706
121410004533656342,0.45337918,11.17988613
121350004408448476,0.44084471,11.1316596
121350004418679291,0.44191398,11.13232749
121350004431187181,0.44316361993592135,11.130543496815763
121350004450756875,0.44507579,11.13032381
121350004451259383,0.44514105,11.13242684
121350004454577397,0.44550221,11.13074698
121350004488409226,0.4489089,11.13226303
121350004489367813,0.44898517,11.13109208
121350004495077969,0.44955681,11.13122202
121360004126279854,0.41268057,11.14113865
121360004136954582,0.41372902,11.13666269
121360004181772218,0.41819696,11.13474456
121360004185861771,0.41863251,11.1343956
121360004187752329,0.41877503,11.13487037
121360004187952389,0.41879511,11.13492018
121360004226065929,0.42261419,11.13788175
121360004227913981,0.42279044,11.13624014
121360004239021532,0.42390049,11.13419899
121360004244370224,0.42443284,11.13312053
121360004245509557,0.42456859,11.14091441
121360004250134939,0.42500968,11.13705017
121360004250642886,0.4250724,11.13534562
121360004258436294,0.4259067431901194,11.138086484210588
121360004262800203,0.42627323,11.13309233
121360004274204948,0.42746788,11.13703928
121360004289797520,0.42898267,11.13920424
121360004298909302,0.42994431,11.14066559
121360004301229605,0.43012215,11.14094472
121360004302912242,0.43035876,11.13476559
121360004311917239,0.43119045,11.13897309
121360004315331450,0.431534,11.13414173
121360004331093091,0.43310833,11.13551646
121360004332052515,0.43320827,11.13503322
121360004341430689,0.43414168,11.13351519
121360004350207305,0.43503799,11.13903345
121360004377939463,0.43781258,11.14082474
121360004384806674,0.4384635637837221,11.138482188378575
121360004388645018,0.43887064,11.13713999
121360004391927191,0.43925099,11.13890827
121360004398246804,0.43986786,11.13858762
121360004398927289,0.43992438,11.13896477
121360004400619244,0.44011427,11.14061264
121360004403335610,0.44037957,11.13760612
121360004403350306,0.44032635,11.13317768
121360004403773616,0.44040792518820154,11.135904707943162
121360004405693245,0.44056165,11.13562751
121360004406574073,0.44066435,11.13631538
121360004414303704,0.44143853,11.13600113
121360004415972238,0.44173344,11.13478896
121360004416738725,0.4417265,11.14018717
121360004418551928,0.44186344,11.13452114
121360004419359661,0.44194522,11.140999
121360004424693019,0.44246345,11.13544474
121360004425589837,0.44256968,11.141143
121360004429248299,0.44294222,11.13985297
121360004430632994,0.44303738,11.13551539
121360004430640971,0.44306654,11.13373179
121360004440635309,0.44408866,11.13742656
121360004441354666,0.44425796,11.13681794
121360004444798316,0.44460348,11.13985423
121360004448086737,0.44493117,11.1385374
121360004448665323,0.44488347,11.13737758
121360004450267025,0.44504267,11.13879566
121360004453602450,0.44547352,11.13496443
121360004453731578,0.44537746,11.1342372
121360004460899788,0.44609949,11.14110148
121360004465595849,0.44655958,11.13780337
121360004466396653,0.44665566,11.13848696
121360004472738120,0.44728513,11.13971178
121360004479986870,0.44811696,11.13864633
121360004480449155,0.44804457,11.1405581
121360004482727812,0.44826823,11.13944001
121360004483558982,0.44836591,11.14042952
121360004490790511,0.44914049,11.13333709
121360004491310934,0.44914556,11.13371193
121360004494097391,0.44942136,11.13910383
121360004495725294,0.44957844,11.13735136
121360004496529363,0.44970206,11.14078177
121360004498784693,0.4499561745614038,11.136823505157748
121360004499075678,0.44991904,11.13767547
121360004501545964,0.45016736,11.13790641
121360004503566542,0.45044321,11.13838678
121360004507366799,0.45074761,11.13861042
121360004510011023,0.45101007,11.13379255
121360004513980306,0.45146338,11.13316403
121360004517633838,0.45177956,11.13613757
121360004522816106,0.4523274,11.13799321
121360004528990755,0.45289995,11.13355727
121360004531996630,0.45324799,11.13844112
121360004533797084,0.4533952,11.13884435
121360004534074077,0.45347314,11.13630482
121360004540411904,0.45404555,11.13449869
121360004545597935,0.45462574,11.13951951
121360004548215427,0.4548337,11.13746612
121360004548516897,0.45491345,11.13865606
121360004552195157,0.45528168,11.13720589
121360004555878759,0.45559234,11.14021328
121360004562188625,0.45627923,11.14009653
121360004572207216,0.45727525,11.1389263
121360004583394161,0.45835119,11.13641063
121360004586588848,0.4587032,11.14028908
121360004588573590,0.45886749,11.13593773
121360004606095135,0.46064141,11.13721266
121360004633838518,0.46341802,11.14003118
121440004384000819,0.4384093,11.2002711
121440004387823413,0.43879329,11.20243925
121440004389102995,0.43896569,11.20208763
121440004390125077,0.43906509,11.20380975
121440004391025513,0.43915004,11.20418189
121440004394263432,0.43943778,11.20245537
121440004398843447,0.43989472,11.2024701
121440004410823920,0.44109378,11.20286127
121440004435814426,0.44359536,11.20328246
121440004450954504,0.44516974,11.20336005
121440004459714114,0.44601854,11.20299716
121360004642988929,0.46431054,11.14036417
121370004045009354,0.404580140691298,11.149094314363017
121370004051019658,0.40513379,11.14936965
121370004057764816,0.40577932,11.14528513
121370004062984687,0.40630498,11.14519447
121370004067847240,0.40678734,11.1473041
121370004069315365,0.40697426,11.14572173
121370004069674125,0.40687038,11.14473299
121370004070077847,0.40700292,11.14781106
121370004071171940,0.40712595,11.1428692
121370004075681662,0.4075643,11.14267247
121370004076372170,0.40763748,11.14310481
121370004079862160,0.40799565,11.1430524
121370004080915247,0.40809866,11.14566079
121370004087684707,0.40876606,11.1452016
121370004088297164,0.40882987,11.14723652
121370004092758515,0.40927811,11.14836568
121370004094412144,0.4094673914697537,11.143219734521491
121370004097342314,0.40949535881759336,11.143223220115933
121370004099705680,0.40997813,11.1460217
121370004101560634,0.41020323,11.14179429
121370004105474055,0.41059188,11.14463404
121370004107421785,0.41079937,11.14274825
121370004108878223,0.41090715,11.14814588
121370004112692975,0.41127427,11.14375481
121370004115646134,0.41157171,11.14639906
121370004117275632,0.41172594,11.14597232
121370004123143355,0.41232044,11.14405998
121370004124884878,0.41248846,11.14532751
121370004126915392,0.41269117,11.14575764
121370004126923297,0.41269555,11.14402492
121370004127436457,0.41275178,11.14666834
121370004134299969,0.4134409,11.14957354
121370004136192187,0.41372545,11.14301669
121370004137229207,0.41371287,11.14882297
121370004139573620,0.41396139,11.1442944
121370004144033858,0.41440935,11.14448926
121370004154879878,0.41549665,11.14949857
121370004156244017,0.41563043,11.14462143
121370004156324723,0.41563507,11.14520115
121370004158401614,0.4159013568239428,11.142553022170683
121370004161174231,0.41612199,11.14480282
121370004164587554,0.41646744,11.14758185
121370004175164710,0.4175234,11.14519849
121370004184700689,0.41848305927591406,11.141782682991368
121370004185105173,0.41851867,11.14557465
121370004187149055,0.41870939,11.14881505
121370004188155070,0.41882746,11.14547828
121370004194339432,0.41944075,11.1491406
121370004196627996,0.41967037,11.14794471
121370004202005458,0.42019452,11.14581731
121370004209185617,0.42092491,11.14595686
121370004209678778,0.42097502,11.14859532
121370004216080037,0.42165722,11.14127555
121370004216367326,0.42164529,11.14738593
121370004216415672,0.42165054,11.146003
121370004227902096,0.42283706,11.14300095
121370004233257748,0.42337823,11.14771483
121370004235206425,0.42353323,11.14660807
121370004242093399,0.42422771,11.14411826
121370004242765388,0.42429565,11.14577651
121370004243704197,0.4243970658053791,11.144748124656267
121370004243706515,0.42438253,11.14669874
121370004246927450,0.42470047,11.14748867
121370004250340357,0.42514262,11.1415808
121370004250616152,0.42506985,11.14640763
121370004255207179,0.42565743,11.14708302
121370004258617733,0.42586603,11.14773741
121370004263107101,0.42637667,11.14722287
121370004269361501,0.42693587,11.14252416
121370004271575102,0.42716283,11.14554471
121370004272905651,0.42730379,11.14601256
121370004273321473,0.42734638,11.14252738
121370004277292910,0.42774406,11.14372568
121370004281863839,0.42821421,11.14444439
121370004284392536,0.42844384,11.14338488
121370004286719861,0.4287171,11.14946891
121370004290559049,0.42907099,11.14884258
121370004295968178,0.4296107,11.14806893
121370004298327930,0.42984212,11.14788284
121370004301133883,0.43012256,11.14451838
121370004301498525,0.4300895,11.14837111
121370004303398243,0.43035109,11.14813893
121370004304765354,0.4304849,11.14574139
121370004306604915,0.43066431,11.14535879
121370004308638533,0.4308199,11.14833216
121370004314784407,0.43153368,11.14493024
121370004317188630,0.43172891,11.14846554
121370004318653237,0.43187428,11.14398011
121370004325830800,0.4326284364018423,11.14192040662667
121370004326378726,0.43265158,11.14853991
121370004326936594,0.43269871,11.14676598
121370004335755031,0.43363604,11.14544193
121370004336222999,0.43363236,11.14377897
121370004338949334,0.43396604,11.14899004
121370004343022210,0.43434697,11.14309176
121370004348429352,0.43485382,11.14906657
121370004357719861,0.43586052,11.14943317
121370004375767100,0.43768362,11.14719855
121370004378745448,0.43798314,11.14582204
121370004387013323,0.4387217454724183,11.144082145459764
121370004390323335,0.43908254,11.14403053
121370004417456883,0.44182496659953463,11.14697889384786
121370004418434516,0.44185104178198387,11.145016614502477
121400004299680794,0.4302502593272287,11.166933305191058
121400004300443695,0.42996887,11.16940744
121400004301342229,0.43018792,11.16810815
121400004309700369,0.43097475,11.16656645
121400004311060942,0.43116483,11.16702437
121400004311646509,0.43124527,11.17169796
121400004314750157,0.43148443,11.16638554
121400004320688452,0.43211586,11.17330553
121400004325081945,0.43249988,11.16787695
121400004328252313,0.43291641226470834,11.168165670859933
121400004331102382,0.43316071,11.16824105
121400004345730865,0.43457378,11.16698341
121400004363638258,0.43638731,11.17313979
121400004364182328,0.43641597,11.16822131
121400004364561067,0.43646667,11.16715599
121400004364601455,0.43646221,11.16748737
121400004365963633,0.43659719,11.16928999
121400004367280174,0.43673025,11.16638509
121400004368570507,0.43690413920148324,11.166687907435078
121400004370680798,0.43704214,11.1668779
121400004372496261,0.43725903,11.17149057
121400004385137677,0.43857671,11.17265027
121400004387040081,0.43875655,11.16631646
121400004390059030,0.43900567,11.1737876
121400004395278096,0.43953296,11.17301553
121400004398591742,0.43990481,11.16769749
121400004403866816,0.44041949,11.1720014
121400004405094297,0.44056007,11.1698338
121400004415992383,0.44160498,11.16826308
121400004421524320,0.44219872,11.16984151
121400004427321647,0.44274514,11.1676537
121400004427520207,0.44288779,11.16652789
121400004442671843,0.44427424,11.167794
121400004457960901,0.44583599,11.16697717
121400004458622640,0.44586761,11.16846699
121400004460722375,0.44611918,11.16822125
121400004463373574,0.44637718,11.16920418
121400004468360017,0.44683493,11.16629329
121400004470535821,0.44710028,11.17109256
121400004474287812,0.44747212155357813,11.1727552225871
121400004487396952,0.44873497,11.17205209
121400004490218441,0.44902581,11.17330482
121400004491092355,0.44912073,11.1682292
121400004494548006,0.44945525,11.17294439
121400004496344135,0.44963982,11.16972088
121400004501526304,0.45015789,11.17152796
121400004509368379,0.4510357,11.17326606
121400004511262294,0.45112162,11.16818052
121400004520529975,0.4520615081140921,11.174495714343244
121400004523060801,0.45241004,11.16691874
121400004529770475,0.45298251,11.1666619
121400004533858504,0.45343961,11.1733345
121400004539354886,0.4540372,11.17032263
121400004544875553,0.45453635,11.17087624
121400004548075868,0.45485458,11.17114106
121400004551851646,0.4552885,11.16762427
121400004554220716,0.45543327,11.16686749
121400004555422975,0.45564409,11.16873168
121400004557210038,0.45572241,11.16629881
121400004560142435,0.45598575244931094,11.168365945082057
121400004561199029,0.45621566,11.17377182
121400004561536795,0.45615477,11.1719248
121400004561885659,0.45628757,11.17096016
121400004565349288,0.45649555,11.17389952
121400004565790840,0.4566781,11.16694988
121400004570879295,0.45709215,11.17401071
121400004571169684,0.45702865964556794,11.17418530854631
121400004578320806,0.45783432,11.16693842
121400004579373721,0.45795668,11.16935725
121400004581195071,0.45822283,11.1705078
121400004587469149,0.45884299,11.17386774
121400004588448829,0.45889595,11.17360303
121400004594358151,0.45943338,11.17305579
121400004611896442,0.46120175,11.1716345
121400004626803963,0.46268002,11.1695652
121400004635237257,0.46352732,11.17231286
121400004637986539,0.46381876,11.17170588
121400004638397237,0.46385161,11.17229665
121400004644803571,0.46448261,11.16924237
121400004649860626,0.46504193,11.1667732
121400004662231043,0.46627782,11.16712008
121400004664310263,0.46643506,11.16648677
121400004677609457,0.46781230920335737,11.174128254905638
121400004679875116,0.46803882,11.17051193
121400004690643009,0.46907404,11.16879202
121400004694763469,0.46953165,11.16914109
121400004694905960,0.46954524,11.17121633
121400004709125163,0.47096207,11.17054595
121400004709416848,0.47096308752908067,11.17194885419931
121400004709753845,0.47097536,11.16946645
121400004722623924,0.47235642,11.16946668
121400004724195202,0.47247102,11.17058488
121400004727157738,0.47276986,11.17269719
121400004730624030,0.47308762,11.16966134
121400004731579160,0.47321168,11.17388216
121400004740241499,0.47408301,11.1675013
121400004747217371,0.47477617,11.17239282
121410004010872325,0.40109511,11.17652667
121410004020220358,0.40202971,11.17488716
121410004022295326,0.40224027,11.17903175
121410004022708418,0.40232575,11.18159676
121410004026465566,0.40270669486449223,11.179239033939583
121410004027665909,0.40282146,11.17946722
121410004028760818,0.40294836,11.17526254
121380004285030881,0.42851409,11.15035142
121380004288988617,0.42889938,11.15677794
121380004295072018,0.42953309,11.15131503
121380004310303868,0.43102509,11.15281758
121380004310823151,0.4311437637443034,11.152207849092688
121380004311642821,0.43100105,11.15201472
121380004320641925,0.43207531,11.15122122
121380004358283013,0.43592535,11.15212039
121380004359072011,0.43595875,11.15126307
121380004365880027,0.43660409,11.14960986
121380004374320329,0.437446,11.14987003
121380004376755936,0.43777245,11.15455634
121380004387293709,0.43874154,11.15270587
121380004390690773,0.43922973,11.15022053
121380004398660894,0.4398802,11.15034519
121380004402830213,0.44033823,11.1497418
121380004408911164,0.44090773,11.15057016
121380004409019428,0.4409482,11.15743724
121380004411131415,0.44121517,11.15069615
121380004411854344,0.44119707,11.15323464
121380004414073674,0.44141295,11.15267223
121380004425504868,0.44256278,11.15367138
121380004441249382,0.44417453,11.15738705
121380004447392140,0.44470156,11.15129988
121380004453146899,0.44541991,11.15536214
121380004455973693,0.44560352,11.15268524
121380004456822071,0.44568355,11.15131959
121380004458473945,0.44592122,11.15289956
121380004462144899,0.44622073,11.15369229
121380004466912904,0.44680039,11.15203384
121380004467532552,0.44676975,11.15171445
121380004470471703,0.44705199,11.15102188
121380004478072823,0.44782138,11.15195614
121380004480013322,0.44806115847137973,11.152383078719277
121380004482920368,0.44828415,11.14989991
121380004486880173,0.44876568,11.1497567
121380004489103368,0.44879366,11.15227589
121380004493740940,0.44949046,11.15037243
121380004499535917,0.44996014,11.15454037
121380004500673354,0.45008068,11.15239744
121380004501385653,0.45024829,11.15430232
121380004501602265,0.4502353,11.15149827
121380004507886389,0.45090102,11.15494479
121380004508874655,0.45088277,11.15348215
121380004511226952,0.45113499,11.15540557
121380004511268223,0.45112161,11.15645523
121380004511432638,0.4511368,11.15180152
121380004513564820,0.45134998,11.15361942
121380004513841379,0.45145984,11.15075982
121380004513847864,0.45138492,11.15614952
121380004518869163,0.45188044,11.15723114
121380004519666498,0.45197384,11.15502465
121380004520799443,0.45208623,11.15745703
121380004523508112,0.45245081,11.15634617
121380004526184125,0.45263425,11.15304033
121380004527924390,0.45288924,11.15316082
121380004531410540,0.45318456,11.15006508
121380004531564667,0.45323261,11.15350107
121380004533003328,0.4532885,11.15236329
121380004534635111,0.4535757,11.15387689
121380004535287801,0.45354084,11.1561127
121380004536726620,0.45366757,11.15511928
121380004539790886,0.45398252,11.15034422
121380004542864439,0.45429975,11.15330118
121380004547500494,0.45473878,11.15000202
121380004552033558,0.45525347,11.15264441
121380004554465225,0.45546257,11.15394891
121380004556450221,0.45569679,11.14976864
121380004557515115,0.45567536,11.15383762
121380004558587599,0.45586564,11.15594175
121380004561713310,0.45622306,11.15234316
121380004565796262,0.45662283,11.15479829
121380004573547649,0.45739699,11.15594137
121380004578311399,0.45788387,11.15074929
121380004581730801,0.45825629,11.15028245
121380004583902284,0.45844388,11.15149443
121380004585225751,0.45851575,11.15437304
121380004585614680,0.45860681,11.15347812
121380004586066249,0.45854959,11.15468924
121380004588523244,0.45902254,11.15244042
121380004589044424,0.45891091,11.15327161
121380004589678336,0.45901187,11.15652526
121380004591512095,0.45921001,11.15133151
121380004592680592,0.45927936,11.15009884
121380004593059321,0.45931789,11.15737815
121380004594426147,0.45935216,11.15470909
121380004602339518,0.46024594,11.15754211
121380004611731225,0.46118299,11.15062992
121380004613610032,0.46141543,11.14960672
121380004615649205,0.46157231,11.15727946
121380004618476727,0.46191473,11.15517374
121380004630563490,0.46311421,11.15255915
121380004632047180,0.46322137,11.15558412
121380004637417212,0.46375467,11.15561026
121380004640024776,0.46401145,11.15360052
121380004645140772,0.46451474,11.150239
121380004648887742,0.46490756,11.15604879
121380004655369832,0.46559199,11.157785
121380004656619760,0.46566154,11.15772889
121380004656748006,0.46579045,11.15625362
121380004668128343,0.46677468,11.15646705
121380004679034779,0.46794943,11.15355107
121380004679568572,0.46791404,11.15663946
121380004680835558,0.46809346,11.15423598
121410004538067808,0.45389602,11.18111703
121410004541200932,0.45412843,11.17537868
121410004541333220,0.45418707,11.17726498
121410004556739544,0.45569557,11.18249559
121410004556896045,0.45575328,11.17961846
121410004558455198,0.45585877,11.17893485
121410004560476944,0.4560579,11.18037641
121410004560505647,0.45606351,11.17930655
121410004569530298,0.45700981,11.17484644
121410004574715270,0.4574848,11.17899474
121410004575567843,0.45756359,11.18113
121410004575750497,0.45770076,11.17502095
121410004576951047,0.45779339,11.1754847
121410004579277662,0.4580233,11.18097209
121410004580739177,0.45808082,11.18224751
121410004582437449,0.45824317,11.18072129
121410004583865152,0.45842844,11.17887239
121410004591932136,0.45921875,11.17635313
121410004593726768,0.4593858,11.18024231
121410004598496776,0.45993709,11.18023015
121410004599422945,0.4599941975061944,11.177038609794606
121410004605783665,0.46061854,11.17765199
121410004611310124,0.46118157,11.17468855
121410004611464351,0.46118932,11.17819525
121410004611937764,0.46129149,11.18105273
121410004614314922,0.46146759,11.17868536
121410004618814808,0.46207025,11.17858439
121410004622225553,0.46227999,11.17920093
121410004626308143,0.4626834,11.18136399
121410004627736019,0.4626285185556524,11.17953273665575
121410004629178580,0.46294622382338224,11.18172114500364
121410004641078885,0.46411982,11.18199389
121410004651978695,0.46520686,11.1818344
121410004653243793,0.46542213,11.17777307
121410004653836160,0.46547812,11.17975507
121410004653894320,0.46538951,11.17819612
121410004666489147,0.46671092,11.18220039
121410004667056873,0.46672555,11.18032328
121410004678462290,0.46789675,11.17647814
121410004679609565,0.46797256,11.18256005
121410004680509961,0.46810112812288274,11.182884908298593
121410004681078993,0.4682025,11.18210613
121410004684384451,0.4684582,11.17830538
121410004688867240,0.46889576,11.18062453
121410004694836887,0.4695511799638577,11.180308702320465
121410004695099694,0.46951971,11.18266646
121410004700203964,0.47001432,11.17789415
121410004701297778,0.47013142,11.18107796
121410004718467325,0.47189739,11.18068148
121410004721004997,0.47215385,11.17874189
121410004727992066,0.47280988,11.17631748
121420004028250852,0.40288399,11.18364099
121420004035490357,0.40359747,11.18323251
121420004055554161,0.40556639,11.18639915
121420004061532952,0.40616424,11.18539657
121420004070610179,0.40705794,11.18308503
121420004074450100,0.40745929,11.18301894
121420004076689896,0.40772592,11.19116695
121420004079636088,0.40795446,11.18802122
121420004084029484,0.40846022,11.19082341
121420004093683455,0.40941272,11.18579971
121420004097293398,0.40976995,11.18574879
121420004101231351,0.41015258,11.18402179
121420004103641104,0.4104921493231509,11.183735108507467
121420004105220819,0.4105530116300816,11.18364797902643
121420004118739934,0.4117791,11.19130775
121420004120295767,0.41205374,11.18775559
121420004127914793,0.41284867,11.18692312
121420004130095633,0.41303324,11.18764363
121420004138201185,0.41387363,11.18391513
121420004147146097,0.41471422,11.18800623
121420004153125204,0.4153123,11.18726571
121420004161044715,0.4161565,11.18685158
121420004168765040,0.41692784,11.18712279
121420004174245343,0.41747619,11.18737468
121420004179410607,0.41798987,11.18342455
121420004186660417,0.41866714,11.18327891
121420004187344603,0.41874611,11.18676638
121420004197329521,0.41973357,11.19086503
121420004197394832,0.41974816,11.18694786
121420004207819885,0.42079042,11.19115964
121420004208149500,0.42081983,11.19084845
121420004221380477,0.42218996,11.18331801
121420004227643066,0.42285137,11.18537463
121420004233522093,0.42340658,11.18467519
121420004236742826,0.42369059,11.18530083
121420004240713495,0.42409112,11.1858827
121420004244927743,0.42461549102939233,11.189351959227011
121420004246696799,0.4246806228643287,11.188595729106543
121420004247587154,0.42481623,11.18886732
121420004253000660,0.42530578,11.18348714
121420004254113953,0.42548025,11.18624367
121420004256419564,0.42565162,11.19090229
121420004271326878,0.4272185166630517,11.188678131178893
121420004271702982,0.42722875,11.18541014
121420004278130588,0.4278241,11.1834223
121420004309838230,0.43102739,11.18975938
121420004309871195,0.43100284,11.18393912
121420004319164457,0.43195945,11.18663784
121420004341657417,0.43422743,11.1891106
121420004350667292,0.43506639,11.18900555
121420004355179177,0.43550655,11.19056483
121420004356927044,0.43601174,11.18888661
121420004357884543,0.43584703,11.18674298
121380004683571203,0.46840873,11.1505844
121380004689544711,0.46900978,11.15350773
121380004690695270,0.46918608,11.15379234
121380004701849808,0.47022881,11.15776586
121380004709199472,0.47093677,11.15748662
121380004712159337,0.47122924,11.15737949
121380004714677810,0.47152522,11.1560943
121380004717898575,0.47185214,11.15679999
121380004720028326,0.47204776,11.15652104
121380004721737501,0.47217532,11.15585522
121380004729169835,0.47293021,11.15779474
121390003990226847,0.39903332,11.16364594
121390003992708107,0.39927483,11.16468818
121390004007775409,0.40077784,11.16243915
121390004012121292,0.40118506336852805,11.158997666765064
121390004020829614,0.4020907,11.1659501
121390004026981003,0.40270149,11.15877375
121390004032044580,0.40320359,11.16174503
121390004042091711,0.40425326,11.1593537
121390004063110346,0.40631735,11.158221
121390004065259848,0.40652596,11.16613845
121390004070582376,0.40706112,11.15991024
121390004070911541,0.40708732,11.15922162
121390004071276917,0.40712311,11.16370202
121390004093859807,0.40943486,11.16610226
121390004100142968,0.41004162,11.16043921
121390004100248038,0.4100693965835208,11.16462690403242
121390004126998338,0.41269805,11.16491125
121390004128398822,0.41284012,11.16532086
121390004129466161,0.41296282135924545,11.163052966209642
121390004141835440,0.41424399,11.16246405
121390004157767220,0.41583485,11.16394778
121390004160732713,0.41611252,11.16020024
121390004160803238,0.41608439,11.16066687
121390004161851547,0.41622726,11.15922895
121390004170218631,0.41702824,11.16512974
121390004179708875,0.41797191,11.1653252
121390004191937790,0.41923708,11.16441241
121390004192680013,0.41930204834353507,11.157924828222907
121390004209022842,0.42091118,11.16030179
121390004225083370,0.42251683,11.1607415
121390004233618603,0.42341405,11.16508743
121390004247104779,0.42476193,11.16190846
121390004252396498,0.42501477,11.16328391
121390004257372821,0.42578229,11.16027
121390004257906002,0.42579804,11.16293403
121390004263188467,0.42631843,11.16498523
121390004264368815,0.42643716,11.16527862
121390004268128800,0.4268538,11.1652513
121390004282299027,0.42823772,11.1654521
121390004303299216,0.43033666,11.16560548
121390004303834314,0.43042606,11.16151885
121390004304576183,0.4304663,11.16308583
121390004307220227,0.43072353,11.15811611
121390004310200055,0.43106817,11.15795494
121390004313070135,0.43137677,11.15805603
121390004314461424,0.43147326,11.1591553
121390004315318077,0.43153727,11.16464519
121390004327601675,0.43282135,11.15931903
121390004336443341,0.43364482,11.16071314
121390004337131843,0.43376823,11.15944426
121390004342637741,0.43426768,11.16438847
121390004346362720,0.43468469,11.16018445
121390004348092996,0.43485695396795926,11.160380345540808
121390004361149418,0.43616613,11.16576453
121390004363788180,0.43638855,11.16474961
121390004365919552,0.43659105,11.16588924
121390004368995990,0.43691623,11.1630131
121390004369759636,0.43719262,11.16600036
121390004378779842,0.43792869,11.1661173
121390004381075788,0.43820099,11.16276787
121390004382179514,0.4382373,11.16593036
121390004383127435,0.43837987,11.16412566
121390004385852917,0.43865787,11.16037588
121390004401711808,0.44021805,11.15942055
121390004402059425,0.44021563,11.16578715
121390004405169836,0.44051258,11.16612578
121390004411609596,0.44116284,11.165938
121390004414250502,0.44142598,11.1583473
121390004420715427,0.44207381,11.16245935
121390004423194748,0.44232412,11.16189499
121390004425209753,0.44251975,11.16607101
121390004445938723,0.44458958,11.16520794
121390004446344387,0.44464129,11.16159877
121390004448980567,0.44489866,11.15840192
121390004450058515,0.44500788,11.16503732
121390004456626549,0.44570697,11.16337348
121390004470513459,0.44705408,11.16082503
121390004471170725,0.4471081,11.15852949
121390004477166506,0.44772175,11.16336609
121390004480014741,0.44800638,11.16188138
121390004481345190,0.44818465,11.16225235
121390004484928291,0.4485433,11.16480839
121390004487235370,0.44872745,11.16241188
121390004491647793,0.44922185,11.16439141
121390004493849242,0.44939066,11.16564503
121390004494417704,0.4494744388708876,11.164343482698403
121390004494445063,0.44944479,11.16214814
121390004496638129,0.44966618,11.1647129
121390004509070965,0.45104302,11.15871575
121390004510506328,0.45105288,11.16320833
121390004511347036,0.45118813,11.16381669
121390004513591909,0.45135297,11.15952631
121390004515404755,0.45159276,11.16191541
121390004516333980,0.45163403,11.16124567
121390004516817197,0.45168887,11.16393307
121390004527856773,0.45279013,11.16357437
121390004532602012,0.45326806,11.15960684
121390004535914731,0.45362886,11.16185361
121390004539563298,0.45405963,11.16066775
121390004547419208,0.4548426,11.16559049
121390004549403348,0.45504773,11.16071292
121390004554552491,0.45555668,11.15999427
121390004558495431,0.45591414,11.16246758
121390004561768057,0.45625166,11.1646338
121390004566869167,0.45669676,11.16557657
121390004567012660,0.45677502,11.16013926
121390004577298302,0.45778342,11.16483945
121390004579457752,0.45795613,11.16439718
121390004599698613,0.45997333,11.16511298
121390004618085716,0.46184517,11.16267201
121390004619892600,0.46198966,11.16006567
121390004626910250,0.46270468,11.15815207
121390004650355158,0.46508813,11.16221979
121390004651888865,0.4652434,11.1653062
121390004653601577,0.46548187,11.15927127
121390004654608260,0.46546349,11.1648169
121390004660169288,0.46601797,11.16566953
121390004663591297,0.46637225,11.15902362
121390004666599839,0.46666328,11.16613666
121390004668126607,0.46690438900546966,11.163416441760644
121390004674371572,0.46745006,11.15925239
121390004675627825,0.46756551,11.16445803
121390004681437187,0.46814623,11.16392236
121390004687061157,0.46871482,11.1589052
121390004690402924,0.46904038,11.16036539
121390004692934085,0.4692961,11.16133934
121390004706360963,0.47063925,11.15873991
121390004706763063,0.4706989342806355,11.160477894476037
121390004707168263,0.47082878,11.16483501
121390004708205299,0.47082297,11.16234882
121390004711468551,0.47125957,11.16507558
121390004716292701,0.47164217,11.16019255
121390004717048154,0.47181744,11.16474497
121390004720112032,0.47201928,11.15963411
121390004742733414,0.47428632,11.16078587
121390004742862754,0.4742946,11.16023483
121400003998385295,0.39983819,11.17067495
121400004007572653,0.40076325,11.16847199
121400004011848622,0.401189,11.17345135
121400004020874401,0.40207154,11.16993239
121400004024984972,0.4025076,11.17041486
121400004025472274,0.40254757,11.16815749
121400004027428158,0.40275018,11.17305943
121400004027571889,0.4028077,11.16783481
121400004035402054,0.40354923,11.1679834
121400004035701255,0.40363979,11.16733162
121400004038286093,0.40383823,11.17134499
121400004048414926,0.40482637,11.17036408
121400004049323431,0.40500321,11.1691457
121400004053322727,0.40533827,11.16852768
121400004056863327,0.40569531,11.16904397
121400004062769034,0.4063201,11.1737801
121400004064173669,0.40648938,11.1693442
121400004067985249,0.40678413,11.17067088
121400004068581182,0.40685511,11.16725825
121400004070294939,0.4071015,11.1704035
121400004070560224,0.40705276,11.16645752
121400004070929632,0.40708823,11.17429677
121400004071522890,0.40714841,11.16867852
121400004071608236,0.40715664,11.17313368
121400004075078820,0.40754029,11.17359952
121400004080003589,0.40798460223804944,11.169245547451844
121400004086147452,0.40862,11.17247928
121400004088937326,0.40896312,11.17239051
121400004095846060,0.40957377,11.17131334
121400004100232160,0.4100680211993625,11.168058487872745
121400004122006838,0.41220525,11.17191542
121400004135316498,0.4135371,11.17168351
121400004158407373,0.41584329,11.1724097
121400004168016707,0.416802,11.17185088
121400004185624755,0.41860711,11.17022307
121400004187519025,0.41870776,11.17381065
121400004195358275,0.41953728,11.17314092
121400004204708713,0.42046714,11.17352215
121400004206541399,0.42066913,11.167431
121400004211924388,0.42123623,11.16991633
121400004212975676,0.42129427,11.17098713
121400004213305014,0.42138022,11.17043504
121400004214438826,0.42143762,11.17361428
121400004215446804,0.42159263,11.17192393
121400004219037455,0.42190546,11.17245685
121400004221833479,0.42222775,11.16913793
121400004224369670,0.42243629,11.17432074
121400004233590033,0.42337293340989984,11.166242670825811
121400004258019976,0.42580061,11.17457303
121400004272071486,0.42725561,11.16751365
121400004272662044,0.4273181,11.16797836
121400004276469373,0.42764763,11.17407342
121400004281201674,0.42812101,11.16765706
121400004282775819,0.42827824,11.17111052
121400004285613484,0.42857829,11.16921162
121400004291103200,0.42911184,11.16892759
121400004294018864,0.42941011,11.17364187
121400004295123499,0.42952008,11.16921795
121400004295401245,0.42962366,11.16731177
121400004296200783,0.42987943,11.1669984
121400004298551476,0.42990539,11.16750643
121430004253165599,0.42534503,11.19601954
121430004254959748,0.42538847,11.19932345
121430004255066819,0.42551472,11.1969544
121430004260674495,0.42605336,11.19508239
121430004262358442,0.426302,11.1982949
121430004278723786,0.42788062,11.19442642
121430004288745163,0.4289011996258102,11.1955849190102
121430004292016321,0.42922828,11.19652183
121430004294941932,0.42950318,11.19288171
121430004301456504,0.43020468,11.19667861
121430004310583011,0.43106708,11.19378056
121430004325452245,0.43264424,11.19313393
121430004325627088,0.43262152,11.1971645
121430004328802260,0.43292294,11.19313685
121430004337346652,0.43374458,11.19680736
121430004344048523,0.43446013,11.19836835
121430004349122345,0.4349016,11.19321167
121430004355384001,0.43561494866897377,11.194605723185287
121430004356690818,0.43572246,11.19192884
121430004357906141,0.43584586,11.19637566
121430004359234964,0.43591901,11.1954148
121430004361188528,0.43617349,11.19836553
121430004362919561,0.4362921,11.19923579
121430004366624648,0.43671009,11.19512821
121430004369631881,0.43696413,11.19283046
121430004373477792,0.43740137,11.19773897
121430004373630431,0.43736828,11.19162512
121430004379361559,0.4379484,11.19257501
121430004395300990,0.43958698,11.19208035
121430004402226924,0.44021917,11.19703608
121430004404089390,0.4404683,11.19907843
121430004404186348,0.44042614,11.19654522
121430004417252770,0.4418604,11.19367606
121430004417393170,0.4416913,11.19393396
121430004422393306,0.4422944580323964,11.193998986044924
121430004424392914,0.4422979201132133,11.193998608589675
121430004429450575,0.44294332,11.19173465
121430004434305148,0.44343446,11.19553979
121430004443212648,0.44433714,11.1934733
121430004456853968,0.4456861,11.19457027
121430004458668378,0.4459148050322296,11.19819711968609
121430004461962007,0.44624614,11.1929315
121430004471077059,0.44710842,11.19714355
121430004475822467,0.44758216,11.19331817
121430004491930462,0.44925253,11.19163106
121430004507787474,0.45077876,11.19749176
121430004508515351,0.45089455,11.19569269
121430004510966483,0.45109268,11.19666769
121430004511089101,0.45110492,11.19884951
121430004513064451,0.45130295,11.19497467
121430004514007146,0.45139711,11.19722048
121430004517429810,0.45175979,11.19944722
121430004521531485,0.4522138,11.19248677
121430004523260623,0.45230827,11.19183558
121430004536839329,0.45374335,11.19902477
121430004539526632,0.453991535749559,11.196805482942711
121430004542126810,0.45417498,11.19695581
121430004542198336,0.45423741766734727,11.198208863616156
121430004544376595,0.45446707,11.19683742
121430004544708511,0.45448731,11.19836599
121430004559222954,0.45598485,11.19371061
121430004561474515,0.45620959,11.19501125
121430004564275601,0.45649204,11.1959145
121430004569770909,0.45698305,11.19202369
121430004593024283,0.4593629,11.19482255
121430004594241315,0.45942474,11.19235855
121430004606730958,0.46077124,11.19209046
121430004608264730,0.460924,11.19523345
121430004625740195,0.46266527,11.19142087
121430004634892263,0.46358481,11.19313405
121430004638521140,0.46395523,11.19220289
121440004206521302,0.42071036,11.20068156
121440004217490712,0.42183454,11.20018563
121440004229752167,0.42299251,11.201411
121440004235461601,0.42355823,11.2009321
121440004242230582,0.42425529,11.20016352
121440004257882885,0.42580639,11.20200782
121440004263010153,0.42633259,11.19980818
121440004277190482,0.42773002,11.19999934
121440004278032883,0.42779329,11.20206132
121440004290220637,0.42903217,11.20013102
121440004292690867,0.4292798,11.20031951
121440004299021036,0.42991258,11.20046008
121440004301810943,0.4301944,11.20038655
121440004305544271,0.43057226,11.20316134
121440004314453656,0.43145156,11.2026466
121440004317641399,0.43183549,11.20064863
121440004321174697,0.43213541,11.20351608
121440004328001449,0.43281343,11.20080783
121440004332204254,0.4332329,11.20314081
121440004336860953,0.4337400000829816,11.200402384001555
121440004337150590,0.43379005,11.20010326
121440004338501453,0.43382615,11.20064402
121440004343030852,0.43431286,11.200318
121440004346174538,0.43461831863175515,11.203368350522556
121440004357702152,0.43578203,11.20138861
121440004359590986,0.43603391,11.20043669
121440004364982673,0.43650932,11.20182339
121440004365694914,0.43657917,11.20368364
121440004369563648,0.43696449,11.20262931
121440004370661848,0.43712254,11.20113196
121440004372222610,0.43721455,11.20176573
121440004379335451,0.43794575,11.2041372
121440004381711567,0.43817082,11.20089357
121420004361587059,0.43613664,11.18889105
121420004367312220,0.43674138,11.18476969
121420004368631620,0.43694434,11.18429678
121420004371941081,0.43719905,11.18383238
121420004381702617,0.43821417,11.1851571
121420004390294829,0.43908049,11.18692506
121420004391175156,0.439066684985508,11.187060025385222
121420004394249719,0.43943028,11.1910227
121420004400183908,0.44001911,11.18617305
121420004403268422,0.44038889,11.18994704
121420004406498807,0.44071659,11.1902584
121420004409860283,0.4409929,11.18316052
121420004413393031,0.44137888436748196,11.185511785286575
121420004427157440,0.4427636,11.18917717
121420004432852967,0.44330252,11.18538501
121420004436429211,0.44364854,11.19059791
121420004436937599,0.44369391,11.18926189
121420004440338153,0.44403118,11.1897167
121420004440877574,0.44410127,11.18924507
121420004450519983,0.44510116,11.19129678
121420004482617031,0.44826321,11.18879179
121420004485754036,0.44858516,11.18629151
121420004487088952,0.44871456,11.19039136
121420004490010059,0.44905892,11.18295926
121420004494771543,0.44948897,11.18422058
121420004497610022,0.44981886,11.18292899
121420004499860023,0.44998642,11.18294823
121420004512796913,0.45127536,11.18869399
121420004518368230,0.45192308,11.1898123
121420004536349225,0.45364308,11.19061542
121420004544831215,0.4546573,11.18397225
121420004547631382,0.4548100345356224,11.184076905175013
121420004552445744,0.4552524,11.18771524
121420004555352358,0.45553619,11.18490152
121420004558509556,0.45586322,11.19089591
121420004561955145,0.4563609889738296,11.18723819201127
121420004571001179,0.45710842,11.18391753
121420004580667843,0.45806902,11.18955827
121420004588439740,0.45890247,11.19102801
121420004596789354,0.45969492,11.19072558
121420004603825391,0.46037035,11.18744662
121420004604661420,0.46056127,11.18409858
121420004608159752,0.46086894,11.1910432
121420004613051119,0.4614454849517156,11.183795113198123
121420004613427177,0.46140702,11.18889298
121420004614055929,0.461435261062409,11.187860683250443
121420004618486447,0.46189624,11.18820798
121420004622980943,0.46239128,11.18369962
121420004625663731,0.46261843815629344,11.186034311350337
121420004627804235,0.46285124474869943,11.186404970138826
121420004634548023,0.46354411,11.18961001
121420004646671734,0.46467977,11.18436767
121420004655307074,0.46557158,11.18872567
121420004660358270,0.46608659,11.1898025
121420004672161550,0.46726439,11.18418982
121420004672630344,0.46731486,11.18319465
121420004676427398,0.46764232,11.18909095
121420004679302381,0.46794054,11.184905
121420004688495027,0.46890105,11.18709636
121420004700502237,0.47009851,11.18478109
121420004713330182,0.47134347,11.18307271
121430004117514465,0.41175188,11.19499251
121430004121682956,0.41220888,11.19372124
121430004125633596,0.41254982,11.19425809
121430004140632015,0.41411672,11.1929356
121430004141316582,0.41401373,11.19669189
121430004152596975,0.41526758,11.19707829
121430004158516975,0.41586389,11.1970833
121430004160948392,0.41612531,11.19833923
121430004167385683,0.41679182,11.1960037
121430004168392352,0.41688612,11.19321117
121430004169447539,0.41695331,11.1975492
121430004169726840,0.41701498,11.19695791
121430004174802541,0.4174833,11.19338382
121430004175490162,0.41760437,11.19138567
121430004179713004,0.41803511,11.19376635
121430004180313815,0.418059,11.19430809
121430004183053481,0.41837428,11.19416072
121430004185334181,0.41851893,11.19481731
121430004186187891,0.41867558,11.19779294
121430004186723409,0.41873292,11.19410108
121430004187865094,0.41883485,11.1955841
121430004193967160,0.41944425,11.19719747
121430004196508991,0.41970167,11.19882582
121430004202278373,0.4202362,11.19824242
121430004215916855,0.42164115,11.1970501
121430004216529228,0.42170327,11.19902416
121430004218077245,0.42181301,11.19729874
121430004220798707,0.42209202,11.19852318
121430004222702338,0.42232843,11.19318946
121430004223364229,0.42239778,11.19478399
121430004225978943,0.42260653,11.19871737
121430004229901214,0.42306863,11.19206601
121430004229979001,0.42301045,11.19876964
121430004230228567,0.42307297,11.19847496
121430004239283558,0.42397619,11.19430916
121430004241094792,0.42408626,11.19522062
121430004242575654,0.42426564,11.19597662
121430004243618914,0.42435726,11.19869591
121430004245327911,0.42458328,11.19792997
121430004245346911,0.42460002902360056,11.196927304182989
121430004246019632,0.42461108,11.19929136
121430004247354935,0.42479599,11.19537206
121430004248525752,0.42490206,11.19613474
