,paliya_RA,paliya_DEC,paliya_Z,distance,raMean,decMean,z_phot,z_phot_err,Absolute_Mag_r,z_phot_xgb,z_phot_err_xgb
0,4.264051,-4.789808,0.098,1.06478227741121,4.24685600863273,-4.79442638149518,0.3510356532913763,0.0632507959771927,-20.66489687384412,0.3926284,0.109292366
1,6.079566,-1.638201,0.038,0.0006110051217448,6.079567289340285,-1.6382111015333791,0.0947786115857534,0.0177591380702712,-23.52641745199745,0.11267078,0.061033096
2,8.159169,-1.009781,0.09172478,0.0019076529028074,8.15917341761042,-1.0098124859157356,0.0732607875845141,0.0237399780556142,-20.282621514412128,0.09370471,0.02620154
3,17.53756,-10.14539,0.05793799,0.0021192765906849,17.537556564401395,-10.145425159002652,0.0574012772777177,0.0133383811284812,-21.392986773184703,0.05508989,0.014026931
4,19.81382,30.32146,0.05130247,0.0011738307007694,19.813802893126685,30.321447166969705,0.0879204699953989,0.024501018023061,-21.229337795940616,0.08941344,0.0241892
5,23.84033,-0.733942,0.09861597,0.0019118766391198,23.8403410881659,-0.733912126497341,0.0756340996978704,0.016653118939615,-20.894823529870997,0.075792074,0.020203738
6,25.70128,-10.14448,0.09021854,0.0007656250349854,25.7012847942424,-10.144468144346355,0.0869886477954363,0.0225441734853254,-20.91004590834213,0.08849652,0.024704196
7,26.68677,-0.6786749,0.08236677,0.221166255863948,26.68816405194716,-0.6752625320385086,0.1702826751379887,0.0167075615945707,-22.59301077556444,0.17044328,0.043790154
8,62.37147,-4.484066,0.03877094,0.0011872729836285,62.37148041087726,-4.484082847446518,0.0655982178085711,0.0218202935375852,-21.07613617386596,0.06584592,0.024036502
9,71.1199,12.35326,0.0893,2.097480688254713,71.15514132342844,12.347183169111757,0.0537434389154768,0.0171149492641228,-20.436252306480142,0.06145796,0.022008235
10,114.1326,38.51622,0.07347495,0.0013997389629435,114.13259927943258,38.51619667783093,0.0839656478910178,0.0260208688603706,-20.89423765352874,0.088378996,0.02850655
11,121.6242,24.33213,0.04134867,0.0002210567609695,121.62420214320088,24.332133124161864,0.064626974436622,0.0131284249932079,-21.33100730150785,0.06635076,0.018883273
12,122.0073,38.32648,0.04116518,0.0015203196466156,122.00731603285664,38.32650199662297,0.0438684728711881,0.0172924098599955,-20.269786603623658,0.05680897,0.021525174
13,122.9939,15.10774,0.08355059,0.0033522287936094,122.99395663091096,15.107728497491845,0.0938588952573893,0.027858911896969,-20.705575474009606,0.10005383,0.029421104
14,126.0926,7.430688,0.08157413,0.0019936178172024,126.0925666774977,7.430691494805466,0.1100034640671337,0.0292291757991449,-21.12857070284189,0.10710683,0.03525128
15,128.009,46.24048,0.04566712,0.000543292295585,128.008987816395,46.24048331411888,0.0511938783653324,0.0139854416598742,-21.225334840006425,0.048289597,0.017031355
16,131.3901,12.36898,0.09564623,0.0015590028780238,131.3900941514211,12.368954652421356,0.1005438903159809,0.0272634684998424,-20.73620214617207,0.10527681,0.029446514
17,131.3979,27.15364,0.09550764,0.0001711761155497,131.39790092126375,27.153637267366413,0.0771218439347503,0.0163686527508366,-21.15609790475594,0.07760484,0.01990202
18,131.4508,29.34866,0.07136694,0.0018229094381159,131.45082233936205,29.34863667856419,0.0715689161071278,0.0157116893006416,-21.407800728971004,0.06793474,0.017575786
19,132.364,32.81468,0.06401076,0.0025201036965769,132.36404394690075,32.81465999974974,0.0634316955553469,0.0142924915483376,-21.069829641107447,0.0612398,0.016343886
20,133.7674,52.88009,0.08959205,0.0012649838435821,133.7673656029015,52.88008631281761,0.084015773517625,0.019505668692985,-20.97169045653579,0.086446166,0.027661987
21,136.8482,17.27121,0.0983,0.5718218367044614,136.85707725611968,17.266854896970667,0.2565571808924244,0.0794692426037493,-20.629565539233493,0.25506356,0.08738437
22,141.162,56.12972,0.02501559,0.0023155138011695,141.16203469,56.1296866,0.0340248464601403,0.010149901141042,-21.72605023760341,0.03564563,0.015136114
23,141.6368,65.6838,0.08683638,0.0020147441232866,180.0520140017462,18.5952491545756,0.0727949708047715,0.0172806630119884,-20.967073584469915,0.08416501,0.021836268
24,143.287,53.79693,0.05695321,0.0010088793830185,182.98951668605,5.966973294959027,0.0659177786660895,0.013772078098181,-21.20321288415039,0.062927976,0.015208904
25,143.7784,14.97907,0.08279813,0.0010825661657116,183.42837704487525,42.4619662258622,0.0710340645044033,0.0162922763186018,-20.955106237120177,0.06345232,0.019485842
26,144.1797,50.88046,0.05547925,0.002205556464595,183.936403485901,59.4442167165321,0.0908921711022696,0.0250560997767866,-20.93106864439608,0.091749296,0.02529035
27,145.7922,60.76642,0.07416076,0.0007950301758979,184.2156838779203,37.910576287682886,0.0597549568060749,0.0165842768090943,-21.132511269491573,0.05372517,0.017101936
28,146.4767,42.64444,0.07453379,1.5019129703823602,185.9892351695765,28.474829943078795,0.388242399043068,0.0727828210052081,-20.498086970157555,0.41581994,0.19288024
29,147.1778,50.49208,0.0563294,0.090027034523659,187.2653093380233,29.780828324984792,0.4009545703395697,0.0427610553889812,-21.104339339993015,0.3835395,0.080008954
30,148.0399,21.72036,0.07949206,0.0004549816771822,188.6520938423364,16.531234759759226,0.0832635999531256,0.0224190241059325,-20.535508645246,0.080514535,0.02577346
31,151.7409,41.06854,0.08856566,0.6019801253933176,190.54496144943857,33.27404721319533,0.394504181347949,0.0731151511044218,-21.137232988219907,0.33410373,0.13797976
32,152.2289,37.65833,0.05348795,0.0024885191695674,191.5958409986236,0.4777445205208253,0.0786687216606095,0.0211160324010564,-20.582842721876546,0.08607337,0.02434854
33,152.4209,31.60954,0.09411449,0.0016395635651543,192.32032442353585,-1.5478432735345256,0.0855665675062701,0.0245786696252524,-20.834117742338925,0.08926837,0.027780248
34,154.188,42.17374,0.05502596,0.0025687731419779,197.01265712423825,3.854052708097015,0.0676666074908187,0.016321340182476,-21.136521586710792,0.06741008,0.018984377
35,154.7783,23.31049,0.06456219,0.0021775750164418,197.9059322017943,-0.9595328484643868,0.1405686969967804,0.0364629894585937,-21.328800396106978,0.115397826,0.041786406
36,156.2024,0.5939007,0.09549566,0.0013458242139804,198.7771122732865,46.23613923813312,0.0923176738629222,0.0334744901161967,-20.472385167620796,0.11127418,0.03668114
37,156.3837,10.4178,0.04606678,0.0005531208560066,199.7783096909255,25.566417074126537,0.092387771221722,0.024472078653134,-20.29129823575292,0.09716511,0.030853685
38,157.7647,46.43801,0.09311035,0.0010663395952815,200.11038502365275,5.187117664259131,0.0854456585073345,0.0227757249149765,-20.74021718329557,0.09106976,0.024275446
39,157.8929,28.78366,0.06026049,0.0018066624041813,200.85226722399537,23.420708539987817,0.0956775520880548,0.0276110699871031,-20.845737111173264,0.10128254,0.03059951
40,158.1842,39.22299,0.06428257,0.0018117998037836,201.1613675920669,29.170030538935432,0.0883559613523147,0.0261468788050295,-20.739003452045104,0.08630909,0.03021134
41,159.4659,33.81394,0.05104554,0.0017843356930455,202.90847374746005,1.5310349892813595,0.0890781400411386,0.019920772933579,-21.35797131149379,0.08185339,0.021847265
42,159.5799,35.32064,0.09635255,0.0024217696014457,203.4425629289952,11.784752330201204,0.0980422890409248,0.0243830480526759,-20.653625542383324,0.097664505,0.03364842
43,160.183,33.01645,0.08178837,0.0029410554421165,205.6670443233596,2.423444016102146,0.081737552443906,0.0288256746393283,-20.444864969580195,0.097258106,0.03841505
44,161.1632,38.75955,0.0356506,0.0021424218822687,205.7052467401699,48.45657476537873,0.0928101124850943,0.0236617691786077,-20.782424532059807,0.091291115,0.025437495
45,162.9627,21.62402,0.07850423,0.0016758302692431,205.75333459245576,36.16565044355363,0.0473108207711337,0.0141851891666146,-20.8129137695301,0.04940648,0.014245885
46,164.3303,15.96564,0.06350857,0.0019019666395191,206.5337649441121,29.636248742794844,0.0639361007033446,0.0131824678237885,-21.281508177951515,0.06014908,0.016379721
47,165.0668,46.27089,0.03138351,0.0015050917030059,141.63673914774495,65.68379882350735,0.0908092401446986,0.0249493198923899,-20.39533816906941,0.096584514,0.02872804
48,167.5503,1.224409,0.09533,0.0018384470602416,143.28701764124912,53.796901185321765,0.0772781714909635,0.0257993537282644,-21.117126553687317,0.081072345,0.027569272
49,167.7701,35.2308,0.06065429,0.0016607936138704,143.7783747021388,14.979057001980058,0.1147418796639627,0.0394503258110036,-19.70478222652217,0.11763108,0.051218566
50,170.5392,1.288751,0.05791176,0.0019447641288831,144.17969707773153,50.880427639748085,0.038732497156091,0.0118666406501294,-20.7940247721636,0.03998003,0.013362266
51,171.439,24.13999,0.02373581,0.0002827688439486,145.7921976338719,60.76642456895215,0.1022034705022784,0.0332366614321023,-20.55077534875556,0.107235,0.03841934
52,172.4281,55.98685,0.04882211,0.0005909455192031,146.47671089834958,42.64444572189101,0.0507256866315102,0.0141307718994687,-21.10928559794348,0.053578176,0.017552882
53,180.052,18.59528,0.06642266,0.0016108247535926,147.17782349255742,50.492057697661394,0.0452928580710764,0.0113218273591311,-21.290699775028827,0.046385523,0.013796618
54,182.9895,5.966976,0.06779005,0.003726889071987,148.03983364110982,21.7203676051676,0.084632114618022,0.0311353308027035,-20.523022610881146,0.098556735,0.0407271
55,183.4284,42.46196,0.07308676,0.0017915525611377,151.740939199687,41.06853573884791,0.0903645112306102,0.0247494530707638,-20.837019190064147,0.09237178,0.029948063
56,183.9364,59.44418,0.09590749,0.0014108928580362,152.2289085941265,37.6583074909054,0.0501177337349397,0.0117528153811232,-21.34031679125286,0.047621436,0.014618063
57,184.2157,37.91058,0.06302489,0.0007180369303682,152.42088644462748,31.60953684640901,0.0952050587683563,0.0305747587930991,-20.926252940799746,0.08524798,0.03019696
58,185.9824,28.45053,0.06731834,0.0017341659452372,154.18796694511525,42.173755337802014,0.0427640111640125,0.0095276505666138,-20.880586737366123,0.03522779,0.013521883
59,187.2646,29.77946,0.08142967,0.0025964513868312,154.77825417990726,23.31050009608665,0.0814091495706414,0.0212202337941533,-20.7693941712642,0.08868595,0.022583487
60,188.6521,16.53123,0.0733107,0.0004550591244338,156.2023930841331,0.5939038141314248,0.1106932881394141,0.0238233039285915,-21.424281871196456,0.09804581,0.030429875
61,190.5442,33.28406,0.0435284,0.0007175864096813,156.3836932674396,10.417809959463272,0.0729885336936609,0.017466635871171,-20.940603938256046,0.07362985,0.024312539
62,191.5958,0.4777508,0.08851205,0.0002336140226589,157.76469748313468,46.43801348589706,0.0834488182188346,0.0277468637346306,-20.78356761701631,0.09276022,0.031192003
63,192.3203,-1.547831,0.08692751,0.0004663457225542,157.8929084656412,28.78366231501273,0.0699218546511735,0.0165694414431075,-21.289242216924485,0.06843797,0.019348077
64,197.0127,3.854051,0.07045136,0.0004484987965284,158.18419149561137,39.22298646871168,0.0766961426105419,0.0197678373074765,-21.06643331630874,0.08074593,0.022132862
65,197.9059,-0.9595161,0.0867744,0.0024019689053216,159.46594629999396,33.813928917791166,0.0451779370408248,0.014178153941083,-21.45190135497331,0.054696098,0.019900987
66,198.7771,46.23616,0.09827451,0.0018959644923479,159.579864194939,35.320627956693,0.0672088554026761,0.0200750780072719,-20.62845591177724,0.0740716,0.022670101
67,199.7783,25.56642,0.09574951,0.0004969417150195,160.1830079179408,33.01645495147891,0.0694034132270631,0.0150441355832863,-21.28939212770203,0.06707177,0.018655531
68,200.1104,5.187108,0.09823072,0.0014319704824944,161.1631694144958,38.75954912064011,0.0181853377553918,0.0163269413652579,-20.377150586333663,0.12460965,0.064251676
69,200.8523,23.42071,0.09853444,0.0028223167917043,162.9626519583529,21.62400523301305,0.0708953976591679,0.0155412696394553,-21.28260894509429,0.06678909,0.017950004
70,201.1614,29.17002,0.07251495,0.0016560116605236,164.33027530540602,15.965625925697616,0.0799858141559632,0.0152373718232368,-21.045931373760467,0.08342566,0.020312896
71,202.9085,1.531021,0.08059713,0.0006903979519378,165.06680622953454,46.27090067049915,0.0401565029345607,0.0165978084973575,-20.13506164070449,0.04892208,0.01853315
72,203.4426,11.78477,0.08009416,0.000677687779432,167.55031060705485,1.2244128876965048,0.048158738402629,0.0125477081857028,-20.915647964025787,0.051117986,0.017882708
73,205.667,2.423423,0.0743249,0.0033378767603563,167.7700431318109,35.23083061141896,0.0629169717051919,0.0122946764222948,-21.516640362999404,0.056702964,0.012255527
74,205.7053,48.45658,0.09107219,0.0025136483572597,170.5391817589128,1.2887132832934325,0.0851609009438996,0.0247053696452622,-20.77558736393663,0.09046157,0.022875406
75,205.7533,36.16565,0.02366029,0.0043266261372831,171.43892104670405,24.139992982108577,0.0145029882246428,0.0160335112450912,-19.97812282042165,0.032810837,0.024289994
76,206.5338,29.63624,0.07666916,0.0058484718838811,172.42825687,55.98689244,0.0755288791643997,0.0241544033243478,-21.35242650540185,0.07497089,0.024740798
77,207.1456,26.51942,0.05893187,0.001214036888316,207.14562121362616,26.51941299202325,0.0698301290989719,0.014703414275971,-21.1611506363586,0.06483059,0.015185913
78,210.2799,10.81063,0.06531659,0.0010234805277428,210.2799172685684,10.81063180638746,0.084373562777512,0.020449202363686,-21.45689059168484,0.071816355,0.021045838
79,210.746,17.3489,0.06008187,0.0017378265610714,210.7460258724516,17.34888486605977,0.0637127606406296,0.0147963745104346,-21.147929393493968,0.056511506,0.014422228
80,217.5068,45.84698,0.09353366,0.0022878653804267,217.5068461078168,45.84695944674195,0.0995748890168105,0.0321485248473871,-20.32463653395752,0.09901497,0.031083044
81,220.2192,-2.585081,0.04443099,0.0006587449630937,220.21919139808483,-2.585074166418664,0.0392796725901238,0.0120389646269337,-20.552933984245925,0.047626197,0.013789496
82,220.2981,-2.209773,0.08226972,0.0010584309965406,220.2981097381413,-2.209758286148748,0.063135370474946,0.0132482135904926,-21.27686927779115,0.05906353,0.01559837
83,221.7728,0.6147954,0.09536646,0.001439964475899,221.7727788947008,0.6147839724365248,0.1389361396417101,0.0404746652710207,-19.990797938910625,0.14228627,0.054621607
84,222.3863,0.3767575,0.08045062,0.0011092671362342,222.3862816492843,0.3767552496643438,0.0813710835439361,0.0211038700727798,-20.906287348694946,0.08986834,0.024559006
85,223.6123,18.3285,0.05903365,0.0013830882454855,223.61228171291643,18.32848483349961,0.0838950985378421,0.0224218995036455,-20.928912722511065,0.0909846,0.027934957
86,224.4878,53.89227,0.08061651,0.0023098714973532,224.4877460703626,53.89224827326411,0.0902822706965513,0.0261509979723979,-20.75735600791152,0.09441724,0.02671
87,226.9375,51.45285,0.04591636,0.0014984849086499,226.9375381294221,51.452857692115344,0.0334164025591978,0.0097159095609232,-21.36445007917151,0.030206446,0.014698642
88,227.594,3.03892,0.09504289,0.0016326265709807,227.59402639792447,3.038926746576524,0.0876317970884338,0.0250988281532853,-20.37540649054818,0.106201336,0.028323352
89,227.6038,0.9788434,0.07209635,0.0054587516805789,227.60387604552508,0.9788933597811316,0.0740632188706735,0.0152940678289083,-21.102532408255712,0.07397543,0.018223865
90,227.6188,13.56516,0.071,0.0016511559071887,227.61880503076932,13.565132918758453,0.0616181220367737,0.0156263046883274,-21.706038624270896,0.058828823,0.018883998
91,228.3891,22.15525,0.06911041,0.0022809596146084,228.3890592426517,22.155245494366746,0.0882096189822401,0.0296982454001014,-20.104624007766915,0.0918985,0.030763995
92,230.2738,28.44828,0.08920678,0.0008124145912072,230.27378483976307,28.44828237906508,0.0639093206896419,0.0178161734488956,-20.79551354638292,0.065049484,0.020541243
93,230.2872,50.66861,0.05620557,0.0012220338086394,230.2872055297151,50.66863006341768,0.0570995098200388,0.0160966829016359,-20.962679044530816,0.059248075,0.01704027
94,235.7396,3.114805,0.06551804,0.0030464906648544,235.7395518020599,3.1148211833924035,0.0904515393207172,0.0243549417120779,-20.86035714789606,0.08479862,0.024109483
95,238.1037,4.29062,0.04573886,0.0024104288465305,238.1036611686164,4.290630700426353,0.0901475958620292,0.0239935413842619,-20.73895456997612,0.09009215,0.027616415
96,240.3109,31.09093,0.08931328,0.0028122937846558,240.31095465204007,31.09093256712068,0.0777221748832299,0.0237967504331306,-20.12129188757765,0.09324984,0.028236339
97,240.5372,26.32932,0.0720337,0.0019963438838895,240.5371753511928,26.329344879872625,0.055562284916595,0.011959068610371,-21.36024620594565,0.05669274,0.015687764
98,240.8937,20.59634,0.08616762,0.0018306268146702,240.89366785487712,20.59634504489274,0.0743862250646387,0.0176090442420789,-21.13677114485268,0.07758192,0.021568082
99,241.0388,23.24215,0.08844264,0.003202664323339,241.0387419125892,23.2421506849852,0.1123177524548936,0.0341259733375884,-21.030285998467363,0.101429254,0.03576277
100,242.9714,53.0742,0.08828041,0.0026841577282212,242.9714602715283,53.07422627064975,0.0932003758989466,0.0204993722183495,-21.077581771863716,0.08797036,0.023979845
101,243.8653,40.5316,0.08335736,0.0021393754100121,243.865320896282,40.53156807625967,0.0943817535118708,0.0196774540431716,-20.932790706771108,0.09790386,0.023599526
102,245.0881,30.17237,0.09659284,0.0010660620778216,245.08811786071763,30.17236120967417,0.084403171353785,0.0236630201496001,-20.97667543242957,0.08294111,0.022757797
103,246.0391,26.07525,0.0392371,0.0007160441203237,246.03908701811343,26.075252540350967,0.0310095347312308,0.0097173038170155,-20.583650786893024,0.029067552,0.013667309
104,248.7189,28.81578,0.09767059,0.0025809039171165,248.71886348296647,28.815751249382668,0.1171688014807947,0.0296219685819622,-21.435459324079723,0.10150305,0.03857506
105,248.7561,30.90336,0.05442749,0.0008368286348954,248.7560859976779,30.9033670834396,0.0511676935529432,0.014738510540107,-20.92420088007645,0.051692393,0.014865012
106,255.5076,36.36607,0.09815171,0.0012041860349488,255.50757792381168,36.36607931574172,0.1063693221115768,0.0318315965585731,-20.741264618759,0.11180221,0.03448891
107,313.4412,-0.1643835,0.07818855,0.0005716901873847,313.44119066866153,-0.164385426878078,0.0881120198870268,0.0218795536578611,-20.9706058662844,0.086412035,0.026134739
108,315.6106,0.1173065,0.05175861,0.0009524827911693,315.61058443930506,0.1173033579772376,0.0782292314800972,0.0223415657715164,-20.748118973240665,0.08472814,0.028097402
109,316.3893,0.4748019,0.05436849,0.0021774270757858,316.3893361810773,0.474804731323368,0.0877885303061219,0.0243366231250622,-20.87632283055615,0.089108676,0.02489449
110,318.6606,11.22255,0.08423852,0.0002608867836379,318.66060018105674,11.222545655515296,0.111081949119947,0.0270294139380973,-20.59959545850777,0.111240596,0.034152832
111,322.2133,-1.070127,0.05154388,0.0008757765868329,322.21328991668673,-1.0701164447386162,0.0322128477422695,0.0124311006719434,-21.330679795868942,0.052890077,0.023049703
112,324.1123,8.658892,0.09365643,0.0017425194059034,324.112326240261,8.658878942725497,0.0644210513388945,0.0150310197047893,-21.09690911106661,0.062404636,0.01736861
113,334.543,28.7662,0.08751484,0.0026955843566848,334.5429491910412,28.76620588979201,0.0619421164031943,0.032383411585836,-20.370256833914556,0.07635073,0.03069259
114,336.6803,27.27431,0.099,0.0011143272228822,336.68027911244656,27.27430949795832,0.0784203026827432,0.0170741631127778,-20.92114141700604,0.08086488,0.022435715
115,342.1027,0.1557758,0.05378426,0.0040990000443601,342.1026398898226,0.1557433352449397,0.0620223803219855,0.0149103961099368,-21.214042671007093,0.05625596,0.016757179
116,343.7176,0.7753788,0.091,0.2097176562390831,343.7142819498292,0.7764786382195995,0.0777390189608138,0.0145073435519055,-20.7787187081696,0.08052631,0.01934049
117,347.3732,19.92754,0.08781815,0.004848533229761,347.3731141605896,19.92754419890295,0.1523305031562262,0.0318225947568989,-21.59293096352468,0.13389426,0.045467332
