objid,ra,dec,z_phot,z_phot_err,D_L_Mpc,Absolute_Mag_r,Calculated_Flux
1237661435928182876,215.155499616742,44.5634642008456,0.07838219579526792,0.018315268203594363,355.52080081624945,-21.737478607585462,0.0014231851777806916
1237661435928183409,215.15636090078,44.5279381325578,0.35582042914948614,0.05554950624003012,1893.089323222963,-22.048842370642102,6.686436676470526e-05
1237662301898211431,215.232426143315,48.3097266912058,0.07758378763767308,0.021389680754178467,351.7050917510047,-21.365418408936968,0.001032309804191173
1237662301898211812,215.237014302389,48.3394449101971,0.3701441979003608,0.049301568300795615,1982.6601161761039,-22.86352718135755,0.0001290964595582608
1237662301898211463,215.27484223878,48.3081638968765,0.0651546665481069,0.017459873769330843,292.8079303971616,-21.879226434791846,0.0023906990226527005
1237662301898211355,215.26548581018,48.2886295169161,0.08443407442147047,0.022111949603786332,384.5696383841308,-21.08386378941961,0.0006661860403635316
1237662301898211503,215.299764571424,48.3327855807565,0.07225112183606637,0.018997932028611754,326.3193510464805,-21.387669583127494,0.0012240021368586757
1237662301898211514,215.29616874337,48.3033642935174,0.06925195902141251,0.019770945022926395,312.1186442081636,-20.901136258720502,0.0008547027080795092
1237662301898146543,215.197228465281,48.3493646961471,0.5774023469098919,0.05319630539835532,3369.667245773695,-21.96315857231008,1.950246000780419e-05
1237668350284071304,216.61894677767,15.5788196164501,0.07230700461881386,0.023024545919701777,326.58447409175136,-20.346168702111115,0.0004682485185245371
1237668350284071097,216.577453537203,15.6404656337521,0.20174547215975022,0.018911879026735603,989.6283411021344,-22.85078576089848,0.0005121180179827046
1237668350284071731,216.621896276952,15.5579729013656,0.5295178024793935,0.05435906871699513,3035.1587829675095,-22.13020956963103,2.803631920754596e-05
1237668350284071621,216.580338976157,15.5612242406273,0.5743974640319573,0.06529045559741035,3348.4479749762477,-22.060026658334625,2.1593525406693052e-05
1237661211507753193,217.342425650428,45.3010616055585,0.07800766380032262,0.017852665452721583,353.7303739980164,-21.63893422632516,0.0013128919455936705
1237661211507753978,217.333806677131,45.3203817936522,0.6297263491647265,0.044099422007372796,3743.8559652891972,-21.26407365042198,8.298339449840714e-06
1237661211507753816,217.370216492223,45.2696438919109,0.7296952100537755,0.08599836909173117,4481.988418792107,-21.350569160038965,6.270269449856408e-06
1237658205594910794,217.508397962681,45.8658797459508,0.1909631181974107,0.0159367582320863,930.8284531684076,-22.569092470733366,0.0004465783738927812
1237668271905243748,218.553427628102,16.8598526221096,0.5668673016120523,0.04223393653966505,3295.4050613680024,-21.994322471971817,2.0985116279500504e-05
1237668271905243668,218.526448736761,16.8604171243715,0.5236794133057449,0.05269042524725528,2994.9147736629743,-22.033946060881206,2.635175159715287e-05
1237654879664931054,218.710948991037,3.64516237254969,0.05948355461635278,0.01579954486751183,266.2511052100531,-22.30892975604864,0.004295256107139902
1237654879664931594,218.715895951637,3.63714035493016,0.4657172311917179,0.07174038979321264,2602.066072648845,-22.01632760067911,3.434744209143701e-05
1237654879664931036,218.701799593561,3.63004458778342,0.14401012823910186,0.02458293187825671,682.1233592271346,-22.843917540723773,0.001071127506218556
1237654879664931037,218.698655754914,3.63093343902492,0.12516019935551387,0.016400128966862743,585.741871540647,-21.00611013258881,0.0002673200366536191
1237654879664931013,218.666648105711,3.63881971978532,0.1393880477196067,0.01672553826594243,658.3027971521693,-21.660689492144062,0.0003867447224553885
1237654879664931213,218.687094124284,3.70069466063414,0.19946004350989496,0.03565678080433179,977.1136480380977,-20.712727497127002,7.331635070897826e-05
1237654879664931199,218.659272871303,3.6894153268119,0.3911732721624198,0.06944215303577268,2115.7492678892236,-21.79131208634286,4.2227603592017216e-05
1237654879664930845,218.632699155835,3.62940500507402,0.3037071089495776,0.047946329303546795,1574.8799376393183,-22.53858959282416,0.000151684406281143
1237654879664931151,218.760794918924,3.71076236018472,0.32988406561233624,0.0378475777375434,1733.1897212111498,-22.528350763798432,0.00012406466180088233
1237654879664930959,218.625647418031,3.66952551143855,0.06487887527267733,0.022420532823588794,291.5118376840345,-20.541671676203634,0.0007036493324675484
1237654879664931305,218.624877431752,3.62108101715528,0.3904648947519073,0.04926716464589369,2111.2357693034046,-22.496685036225504,8.120832334699112e-05
1237654879664865624,218.618350950567,3.61607527977103,0.1482212461931634,0.02461824855386306,703.9310278503871,-21.544723832220413,0.00030396901487863225
1237654879664996449,218.769820429551,3.56034097871405,0.19043487624349717,0.02897322224794881,927.9636594019197,-22.323123894293417,0.00035825117212916045
1237654879664996376,218.813643138737,3.66637785438453,0.04865781457096181,0.020336613364971622,216.11275554336677,-20.373463224212873,0.0010965400235810028
1237654879664931309,218.630150909385,3.71943618149684,0.6074298590553014,0.062188556358158696,3583.3334755114424,-22.378743143818653,2.5288484527741252e-05
1237654879664865604,218.602590895811,3.66779444159203,0.07259685474362064,0.02167973735652488,327.9599088344184,-20.965200255080333,0.0008211804244928789
1237668297681338706,218.874352580802,16.576860227795,0.3246911772971304,0.03680834557415379,1701.5361601908578,-23.111015574689215,0.00022015262289286228
1237668297681338701,218.865275815972,16.5670686947057,0.26789069860615294,0.03278139025837444,1363.4613274360422,-22.57280189165846,0.0002088503021940237
1237668271905375085,218.879614396807,16.6106808604865,0.42977554198976586,0.05408432047356026,2364.8243229932996,-21.605943217994007,2.849571247104658e-05
1237662262708077411,219.276146083354,7.65572785012437,0.43235993703761966,0.051121509215879594,2381.71456517012,-22.095722062813184,4.410719097108022e-05
1237662236944433375,219.317110801952,7.65705467429554,0.20095840241635224,0.01901890025160555,985.3153425513627,-23.006984556663127,0.0005965451676124361
1237655463776551064,219.260440393778,56.9100709035082,0.09612413709390112,0.026238666737849112,441.3076893087842,-19.64938464312177,0.00013498044886067726
1237665429709980439,219.424499123364,26.2667415357244,0.5136835789500392,0.040778694390606024,2926.2939361593917,-21.875581406835376,2.3855947370684862e-05
1237662268607234332,219.478779753619,6.8508995463783,0.10623147228842354,0.022008048484939733,491.0220015022685,-21.157348891194832,0.00043725788723236633
1237665429173305795,219.787516341441,25.6695187254793,0.37018370594639816,0.04711910175344365,1982.9083945424413,-22.742028256695516,0.00011540005080011585
1237655498134782046,220.2191812586,-2.58507626019231,0.053922282239024344,0.017302363949745887,240.40297740290643,-21.308018310614514,0.0020956928901134085
1237655498134782776,220.214658532801,-2.57442588861031,0.43261209592964966,0.049829960884570784,2383.3639614722724,-22.4116538407489,5.892245046889338e-05
1237655498134782198,220.19568534027,-2.59885850863316,0.08099207866585144,0.01770930390886468,368.0208877945398,-21.871300943319604,0.0015023649396208496
1237655498134782186,220.184593631242,-2.60650146448109,0.0834267779946581,0.01955888534063988,379.7192324008801,-21.292891171398868,0.0008283831950123787
1237655498671718766,220.327299309697,-2.23252061549512,0.13113022901783017,0.028343031454862302,616.0473508922006,-21.508000871868127,0.00038368264912328344
1237668297145516237,221.140771113999,15.5947052361056,0.07889161112331128,0.02416129418334599,357.9574004971618,-20.764108447774813,0.0005727705607312698
1237668297145516443,221.087072364295,15.615742154531,0.5331582742179536,0.08731471095708397,3060.313201304803,-22.098048108548003,2.6772411523468836e-05
1237668297145516342,221.131029872104,15.6588294426954,0.30987915818616785,0.042202230984487006,1611.9230222852043,-21.972645060710732,8.59744543130668e-05
1237668333638844475,221.106405580808,15.5513830387097,0.04178298067397848,0.0164194233969807,184.6552547220122,-21.893986714256748,0.006093563539273826
1237648705130725661,221.774355540313,0.585563069312692,0.08439116256401276,0.020587763624112094,384.3628808895084,-21.32555429931079,0.0008331800068775819
1237662698103898269,221.993134746291,32.0156934159254,0.11766343125457837,0.018790683986566473,547.9778820182156,-21.522317777245803,0.0004913614175320035
1237662698103833356,221.97486952279,32.0215432224752,0.37842175510837994,0.046585528712511745,2034.8239022155842,-22.41973548231419,8.144051887786538e-05
1237665178450788562,222.517880948548,25.872703310009,0.12861586353095344,0.02405568434244334,603.2587621253261,-21.87532750302051,0.0005612078329758118
1237665180061335686,222.83111969399,27.1343287833001,0.09608643958503611,0.020752040013309856,441.12340623207274,-21.84356014137834,0.00101930428987313
1237661385997418538,223.155249064898,49.7669510257842,0.09923542811961353,0.025429071537820553,456.5463495729746,-21.148325393118935,0.0005016033265486995
1237661416068350433,223.155081893089,49.7434593872769,0.516369885122617,0.043035807216392614,2944.7002961417393,-22.09357269010579,2.8796975440072035e-05
1237661385997418612,223.142548706506,49.7991478468243,0.11052719747625939,0.025839825742134764,512.3340910371865,-21.069254775348288,0.00037033554682285887
1237662501073191529,223.572326991955,46.7311453354477,0.5126331240753875,0.043875781706590906,2919.103326152079,-22.404663398906298,3.9027112831361215e-05
1237662303511314449,223.552122100429,46.7555706752467,0.4563877232114284,0.07010243749375694,2540.0034640712583,-22.303311724568214,4.695221357312109e-05
1237667735598530678,223.612182839467,18.3543536536152,0.08177846597209713,0.018637598309374104,371.7954224477038,-21.395881462134476,0.0009500457248579167
1237667735598530996,223.593136135211,18.3100289268867,0.3873317552940874,0.05037171483751315,2091.297813606372,-22.077924797068096,5.627793480095598e-05
1237667735598530679,223.613011440493,18.3586978398448,0.07223960945494996,0.02169247800006592,326.2647355744269,-20.694511957350727,0.0006466428978027284
1237667735598530757,223.667910325261,18.3327024755274,0.07922180594151018,0.02263104104880424,359.5376092156852,-21.186953001042827,0.0008380936458688014
1237667782313967990,223.825088457985,17.6581290254021,0.3114768401268445,0.04448294019225693,1621.5406243427353,-23.00197735747134,0.00021924781604610634
1237667782313902349,223.807398170562,17.6488027386573,0.18511882096736124,0.027802608016074135,899.216493607543,-22.04481873106848,0.00029525615784494174
1237655743481512900,223.893421514566,5.58779475687808,0.5357336694081503,0.039964158826346484,3078.1363008815074,-21.990115903114265,2.395910925832326e-05
1237659150459666615,224.517259810461,53.8932154624501,0.0698573897481987,0.023873171883664394,314.98083836922746,-20.202483083017388,0.00044098616437162307
1237659150459667156,224.512426878966,53.9047250409314,0.3795803884466433,0.04497708687866818,2042.1486633509887,-22.770055732307107,0.00011164713524916194
1237665531716370634,224.702485815106,21.6184514001601,0.18912583183780823,0.03972366348680902,920.8707998658357,-20.99988663015154,0.00010753683443756129
1237665548893815121,224.709239416084,21.5963001539527,0.566528964877752,0.041152150630039706,3293.0262485487747,-21.96915044232732,2.053382195430644e-05
1237665531716370587,224.675634809595,21.6498662096238,0.08206001540493824,0.025535603904223984,373.147727691389,-20.90627984649257,0.0006008282384894288
1237665531716370520,224.729023116469,21.6007951901836,0.5835501695007286,0.06801548724606457,3413.173719517342,-22.08908296513739,2.1345994834711348e-05
1237665531716371067,224.708519806496,21.6433748078249,0.566121388673029,0.05552713794422977,3290.161129771942,-21.859733396341483,1.859769084379694e-05
1237659324947562949,226.840685227304,51.4750579484816,0.5917826299262776,0.041737880639795374,3471.62695362111,-21.805966187798628,1.5897190261180217e-05
1237659149386973658,226.906541333002,51.8654701021832,0.5937593854021104,0.042316565320236234,3485.6954908205757,-22.339245063059977,2.577027992371193e-05
1237665532254224709,227.210065816682,21.3558110527244,0.301946312862367,0.037824872616093276,1564.3445245647868,-22.379305982109422,0.00013275704591366878
1237654879668797793,227.599347947336,3.07073101879067,0.07887406815998634,0.021698170032211028,357.87346395166674,-21.03079803487239,0.000732588707599372
1237651821640745133,227.610269750439,3.01056477668452,0.10020614389965514,0.02016139087718489,461.31257344958254,-20.877496459095468,0.00038283179527414974
1237648705670152554,227.594800289949,0.97654115222591,0.6078437406757264,0.05703026322994143,3586.298875407435,-21.991755100101038,1.7677021087253624e-05
1237648705670152679,227.623827317197,1.0007129105683,0.401390408455458,0.04653143604945929,2181.0807764075757,-22.65133954994408,8.773892721961994e-05
1237648705670218095,227.646881477696,0.99135508571672,0.3757909856753645,0.04989528982343885,2018.21359491439,-22.580324136520765,9.598323870886353e-05
1237668350288855109,227.614855134451,13.56546594522,0.07676665018054553,0.01867736514701424,347.8038973125026,-21.31962062087848,0.001011997314420684
1237668350288855625,227.608309159871,13.5684427633112,0.31824920011270436,0.04544892089840695,1662.4387010947978,-22.130345102907047,9.346451570943342e-05
1237668350288855239,227.635861407261,13.5302522546217,0.05783660001453236,0.020160505448040978,258.5761467804777,-20.618741997242086,0.0009601075392380967
1237662636370100368,227.78010538198,10.5445445280816,0.0475058382424188,0.01886227137035165,210.8207831388241,-22.01426834139307,0.005222524571825508
1237662636370100556,227.751775094044,10.5556187777361,0.3432359906350284,0.05042437938470062,1815.1329938569336,-22.673426655351495,0.00012928667309629224
1237662636370100369,227.785389540985,10.5370069112261,0.0483270902024423,0.016466922001724782,214.5926114739658,-21.669894664605266,0.003670526264342896
1237662636370100338,227.741211960278,10.5302039446101,0.35856680752288217,0.052411284746928896,1910.1943989113574,-21.800007346443728,5.222131503375576e-05
1237662636370165947,227.809285614919,10.5438904648559,0.1160010770133519,0.020284650597929842,539.648228941694,-21.35548308049279,0.000434481931044252
1237662636370101163,227.751565053631,10.4960170080148,0.38356433988601507,0.055322016120893845,2067.3781158819484,-21.481776103806734,3.32560459833221e-05
1237655742946345296,227.772089628389,4.83582102501082,0.10201903778056325,0.02143281083367243,470.2288892691293,-21.79105093594753,0.0008546764943789847
1237655742946345920,227.767571374219,4.83890427354831,0.4526900726434021,0.05052940180404506,2515.498036586945,-22.45299281341758,5.4947654648539954e-05
1237655742946345277,227.753817469404,4.84155202070805,0.09164387324940038,0.021620450122304832,419.46558033312675,-20.696120550797694,0.00039179199648964444
1237662697033040209,228.752500470467,28.7549782319767,0.2089588546680788,0.02360739490413497,1029.3081094258246,-22.07023325193812,0.0002306760531200664
1237662697033040945,228.754162215581,28.7140699918901,0.6147625701898897,0.036840766415182205,3635.951960239567,-22.414386202512173,2.5381553970894656e-05
1237662697033040508,228.745637799279,28.7622550840307,0.49978582617377565,0.04235351794375807,2831.482290463181,-21.982463998357375,2.811628261227056e-05
1237668272446570819,229.023930729509,15.0708767634786,0.09603277438941095,0.024465936180309858,440.8610802619937,-20.83117241243822,0.00040166634463459247
1237665549969326394,229.181962503526,21.0038035179778,0.30746790020799575,0.04304212811836908,1597.4302460865865,-22.70544241599543,0.00017192267505423866
1237665532255011114,229.075767218109,20.9378199426794,0.07739860109611994,0.0190064839494984,350.8206134392805,-21.355418018109674,0.0010280091968659902
1237665549969391933,229.221931453633,20.9580812228212,0.40688206414245914,0.04988207283931967,2216.3741714056714,-22.554321602256707,7.77038397364938e-05
1237662263786144191,229.299687564259,7.21969113603254,0.16875491490400907,0.025693778268092278,811.6852085707437,-20.882545649214386,0.00012423472300022545
1237662263786144133,229.293961226666,7.20910178280443,0.07368007880640194,0.01799009211627019,333.10472407120955,-22.199639849365674,0.0024813861622331973
1237662263786144198,229.306104365256,7.23025130626964,0.08502169751991921,0.02297721164261834,387.40203892964263,-20.409621350588182,0.0003527968802085298
1237662263786144168,229.303837407142,7.23998957227024,0.06272140603736999,0.01735880873424169,281.3889663355512,-22.312255860619224,0.003857342621471042
1237662263786144112,229.283258339791,7.23359484446686,0.07359233026127013,0.020583186274440505,332.6876913091875,-21.23239827627099,0.001020671161045142
1237662263786144744,229.277435608567,7.22952817839379,0.5875641596585973,0.07088663282572283,3441.646715565293,-22.133238850133445,2.1865678791685727e-05
1237662263786209471,229.327620386346,7.20869820076498,0.10838358815868832,0.023948746129484947,501.6855685599242,-20.933252741665218,0.0003407515813715355
1237662237485629845,229.307297814885,7.18505300912505,0.059827238897136925,0.017115011404582995,267.85483482298616,-22.00091691932549,0.003195713137197328
1237663783134101773,23.8446341910864,-0.731706795563288,0.19227826039903373,0.035764199857825835,937.9672846367155,-20.83385408442449,8.895415775452186e-05
1237663783134101667,23.8519703304377,-0.744775496926668,0.07989959868222211,0.0240524257223769,362.7833912134019,-20.11904710083938,0.00030783928950180753
1237663783134101673,23.8569325651194,-0.746489868316316,0.11433832805859766,0.016880444278708016,531.3327295584227,-22.150711814171466,0.0009322912066838462
1237663783134101675,23.86416096719,-0.745272690493732,0.5799723317120782,0.0623013721484054,3387.83916391309,-21.531638611098742,1.296611520421727e-05
1237662697570500658,230.273781154614,28.4482851788723,0.07578763103631829,0.01836725419900442,343.13521031441456,-21.492803464158232,0.0012195253041567444
1237662697570500906,230.299909338785,28.4569854000224,0.10696842556091525,0.01850098992896333,494.67047376597077,-22.79046424333901,0.0019388924521720151
1237659149924893068,230.215146011845,50.6814048045073,0.4341554854660057,0.03605594404235457,2393.4649126087666,-22.32876070626742,5.413151125678557e-05
1237659149924893066,230.261816268651,50.7184011720122,0.4391659324992523,0.048960550838612185,2426.321393713584,-22.19750019778772,4.667705250076876e-05
1237659119864971428,230.509873512293,45.2342107787673,0.07886183351502034,0.0247396795716105,357.81492684149094,-20.138628439609434,0.0003222066265939525
1237668602071024577,230.778202905099,55.3282979039575,0.5743718031246663,0.05257336347314011,3348.266897054927,-21.411182345916565,1.1880447513850419e-05
1237651250435784860,230.913612359263,55.3771518009842,0.09936561030600824,0.023564307487646638,457.18522002065725,-21.202041719937032,0.0005255721258531229
1237668602071024172,230.763827039989,55.3669172180123,0.4422159984355372,0.05187575163899512,2446.370838749606,-21.84410736609168,3.3158766308811955e-05
1237662663213252636,231.576603480986,30.3797109389778,0.19086070039854114,0.018171133981466393,930.2728982523806,-22.646057223950322,0.0004799568031903035
1237662263787192621,231.655679773531,6.99491070064415,0.08493466986788205,0.025659041552560224,386.9824254349065,-20.572554911270878,0.0004108085558430062
1237662263787192610,231.636815927793,6.92823411288723,0.07614734357077022,0.021394219469453895,344.8499053880811,-20.02905465586665,0.0003135895919486294
1237662224084960184,232.142192105309,28.954778913647,0.32660959298153003,0.045112194478102934,1713.2157792113915,-22.613909798601874,0.0001373851486567766
1237662224084959531,232.123982206367,28.9906232057686,0.09547989255985197,0.02286147496763154,438.159487135266,-20.20819587790136,0.0002290941038598317
1237662224084959593,232.161779818884,28.9871247394062,0.07379391493173759,0.023182461453792342,333.645810645585,-20.53919177046223,0.0005359266528105811
1237662224084959508,232.136984039967,29.0025082659714,0.05660001912941642,0.017536419571094863,252.82467961523497,-22.48134386782948,0.005583398377181095
1237662224084959509,232.131178512301,29.0046444363977,0.07664806539044498,0.018327255990747315,347.2380858847275,-20.8575936177533,0.0006634111095744708
1237662224084959846,232.153530041264,28.9239902298113,0.5742244747790345,0.0444868290926799,3347.2273070070037,-22.328665149411886,2.767551097271676e-05
1237662224084959477,232.080356765343,28.9703007469816,0.08652959090205078,0.017417199278267282,394.6797810995235,-21.51982676329223,0.000945019887219354
1237662637445743220,232.158831016664,10.5428058746693,0.5468528362066105,0.0498883420824957,3155.351243635635,-21.905853712737745,2.109823201941697e-05
1237662637445677211,232.147469337112,10.569058336997,0.10817681318191702,0.023068458124689706,500.6598295213498,-21.304137185733534,0.0004814701643301232
1237648704598442326,232.199028295699,0.154595074435897,0.08484196913853248,0.02476887368288726,386.5355089410896,-20.928258981942015,0.0005713796911986649
1237648704598443096,232.210589277491,0.107321068283719,0.6419492338812876,0.04974965111640094,3832.512045764554,-21.686962842682107,1.1690096063595692e-05
1237651250972983923,232.396821938846,55.2348781019117,0.5218152704249728,0.05218013126051207,2982.0905944927736,-22.15564858488511,2.973156485953829e-05
1237651250972983943,232.377144813691,55.2176187177427,0.6368376587641131,0.08644514383241522,3795.3803095811545,-22.207401030732107,1.925084565329517e-05
1237662305122910391,232.393696366979,30.4714661379079,0.056162407167647144,0.019467604652489964,250.79158662733374,-20.94104143504755,0.0013733797766063947
1237662305122910497,232.403007970429,30.5229833645255,0.2781008687057527,0.03642385818194521,1423.1063964947782,-22.68506693348965,0.00021259450354112972
1237662305122910447,232.484022399913,30.4777904228388,0.08154727832030859,0.01930661522494545,370.68536868106565,-21.78901094167089,0.0013727564343483057
1237665440994427677,232.883164287274,20.3032307464444,0.45852493970854596,0.04959296581519329,2554.191430221555,-21.98840371712985,3.474198272459948e-05
1237665440994427933,232.872527657591,20.3203265800327,0.5346151352457325,0.05130082822999868,3070.3926077570763,-21.744253658950576,1.9200548706711377e-05
1237665533330326186,232.882600027349,20.3605592064829,0.4881012164644605,0.06276125799958726,2752.31303214408,-21.633678432558586,2.1581206484499094e-05
1237665440994427219,232.874917849631,20.3539353448595,0.1542523856944254,0.023819506709669955,735.3373059297891,-21.783941798146888,0.0003472190304056149
1237659161735200956,234.572886681058,44.6792577342187,0.059950772690265206,0.016950179605632498,268.43145851566527,-21.595807775606318,0.002191070178788522
1237662637447184951,235.588922805741,9.93095974509748,0.4810605074915862,0.047886320935109083,2704.8518548404168,-22.191633388585924,3.7356517925337606e-05
1237662637447185564,235.572538257845,9.9115541946243,0.49531979223840744,0.08042767497399307,2801.1634745182764,-22.15730202387424,3.3747678258081115e-05
1237654880209273005,235.726185591847,3.07170369940886,0.06582587851925731,0.021728851757140042,295.9642841590821,-20.807143726096964,0.0008717237531243702
1237668366923334130,236.829790634126,14.713358820878,0.561591093101643,0.0597971963817784,3258.3523415455215,-22.156930124471522,2.4933081693343926e-05
1237668366923334211,236.856902308222,14.7117067846053,0.5610745782065982,0.04672957494312977,3254.730102665211,-21.71123943341038,1.6575468483334794e-05
1237661388149424157,237.007793459824,45.0018437782039,0.04170540661047745,0.017358331780706605,184.30200231434077,-22.00414278777593,0.006770129998666746
1237661388149424400,237.087991187988,45.046714038784,0.22818411081444737,0.02781083083372336,1136.3854272118397,-22.413992768888495,0.00025974416250687895
1237661388149424158,236.999208748888,45.0063026323495,0.06392158090175983,0.017475209520155098,287.0166438998321,-21.48953054952827,0.0017377930499785398
1237661388149424195,236.984329579517,44.9626946139001,0.04446388882641211,0.017166399684537877,196.886864268503,-21.98284704106124,0.005817083957760341
1237661388149425046,237.035946902801,44.9382791417296,0.793755146655994,0.09453383904012264,4969.68813277831,-21.802156069619233,7.730438972430516e-06
1237661388149424554,237.014944484112,45.0809824372924,0.5220026583301856,0.05580843012392667,2983.3791537448483,-22.1092271139294,2.846255900835105e-05
1237655743487738203,238.107221140109,4.29077453642762,0.12411370931921592,0.02261852789884599,580.4507632496873,-20.742870832983996,0.0002136080227417674
1237655743487738180,238.088619715007,4.27912560083291,0.08016387351664273,0.02284612845564434,364.04969526371343,-20.437786759257225,0.0004100089717638635
1237662267541685293,238.143223207632,4.33968414785106,0.46030010228879054,0.05399509227060828,2565.989215294836,-21.99913533364002,3.476517981363478e-05
1237665429181497897,238.779699350174,19.1473940819016,0.5180641000855021,0.0388059748195572,2956.3221764858536,-22.326006545998247,3.539151028788288e-05
1237665429181432074,238.72240997063,19.2530733021027,0.0627870480070193,0.016376744956196596,281.69653392613964,-21.59813790668229,0.001993848500345875
1237665429181432104,238.70383207826,19.1531217961486,0.0685558407123513,0.02266955942840984,308.830509776864,-19.80117466156349,0.0003169782533661955
1237668272451093138,239.150729098073,12.2885548822197,0.5234904606752115,0.056897185014934,2993.6143331368994,-22.185948547605168,3.0338053998737797e-05
1237668272451028268,239.118508535922,12.2692046468015,0.5727934357255746,0.0756285729082726,3337.133250562819,-21.974494141138464,2.0093267222022412e-05
1237668272451092809,239.231646209309,12.2983665068815,0.09417891986960557,0.01959935100304994,431.8096415555662,-21.474807375720935,0.0007574226358033387
1237668311092166806,239.164819817107,12.2223294893982,0.5068855979809463,0.056906714538375425,2879.8303591981557,-21.8815504286676,2.476773885888916e-05
1237668311092167769,239.182564861631,12.2141762140674,0.31445460279070264,0.052879268905894034,1639.4973087604683,-22.191403540551654,0.00010165763455519651
1237668272451093189,239.187884366391,12.3671613026945,0.4965900949627891,0.06566728628189293,2809.779830213821,-21.984190053138605,2.859772199710175e-05
1237662504293892161,239.791672998013,35.027235784591,0.5575422923222337,0.09881557802874165,3229.9829140478073,-21.416777235038825,1.2832475506780615e-05
1237662504293892616,239.751757084399,35.0306405515644,0.6316461346158864,0.05462823997780167,3757.750171991247,-22.37682503675197,2.295483672349505e-05
1237662474765992569,239.779321031652,35.0664552900589,0.4906416910403574,0.0655956679024938,2769.4833655177345,-21.666560544832624,2.19698299791018e-05
1237662474765992484,239.756560306492,35.0771210030181,0.5080255200002279,0.05988401541143536,2887.6100118067234,-21.762919864562445,2.2084667650586185e-05
1237662504293892541,239.705485658008,35.0460697430855,0.5281704190338314,0.04607504102444095,3025.860613112572,-22.203285401419457,3.0172849323631957e-05
1237662474765992350,239.858668481833,35.0822647608166,0.4152844315642032,0.07269800237069117,2270.612483215594,-21.987081825793638,4.3908306589140116e-05
1237662474765927292,239.747993997518,35.1047841720721,0.48976804127293205,0.05313651548562838,2763.5759319182557,-21.754119988710666,2.391691675884323e-05
1237662474765992730,239.880843024384,35.0823594880551,0.4453169352561474,0.043662892306272905,2466.792017252056,-21.863237171714033,3.3191723194782333e-05
1237662504293826803,239.672667786033,35.0674381476367,0.07829451693071766,0.023129333495628315,355.1015808565522,-20.457023288584242,0.00043863582983117994
1237662504293957928,239.825082797356,34.9306772305266,0.3790472698036505,0.044024301051175635,2038.7776355312203,-22.517838644643554,8.879647710469768e-05
1237661463841210400,240.306928538452,31.0917730217428,0.11466595908083406,0.01981157195007507,532.9699526402034,-21.14861298702411,0.0003681626641176011
1237661463841210497,240.316352775167,31.1160190817586,0.08377151375187473,0.019032264971408613,381.3785373302227,-21.407608024004492,0.0009127055932807874
1237665127492223359,240.483018956791,20.8678570254242,0.08158212716185542,0.018176580047980957,370.8526755724381,-21.73397658321007,0.0013037304228309097
1237662663753990198,240.536770788363,26.3253371977784,0.06958054867926838,0.017687207662655347,313.6717830419102,-21.563956163231072,0.0015582299949866935
1237662663753990444,240.563284424442,26.3603058752031,0.07131543080025163,0.017621317416259278,321.8830261226363,-21.583849978059362,0.0015071061428755918
1237662663753990410,240.5220039728,26.3727153406286,0.08464878455489282,0.024188632518010924,385.6043199856619,-20.54994265363614,0.00040522224659888764
1237662306200256948,240.902974264552,26.7698416170637,0.2267215813332013,0.018504434997232852,1128.1728109490678,-22.75816574492651,0.00036183872130871996
1237662697575285811,241.013211812868,23.2477203595854,0.3967346294267287,0.05188741859967349,2151.256624939317,-22.434461103883564,7.385841781207976e-05
1237661465988564038,241.257373319153,32.6318654720594,0.6644888971153353,0.043485243748682505,3997.192871160546,-21.4265209809601,8.454699648813266e-06
1237659131681505664,241.732836575512,37.2776534179997,0.5898103166951897,0.052274912437059576,3457.6027006030677,-21.6367112037517,1.3713057719576203e-05
1237659131681505528,241.807801437165,37.297038260594,0.06666080675979362,0.017572374238064792,299.89439322504205,-21.904549351695472,0.0023328297654530788
1237659131681440023,241.658366562424,37.3536188571336,0.0694554165873999,0.02345264922559383,313.0802450983485,-20.0686580457012,0.00039459528174417126
1237659131681505306,241.744324173404,37.3930393284422,0.5797576456643572,0.04055688847521854,3386.320320607754,-22.004134023649925,2.0053839557119683e-05
1237659324953460885,241.998160685532,42.6895285418835,0.13423217218031375,0.01812374749317546,631.8744163833599,-21.324155839044494,0.0003078936924631784
1237659324953460943,242.0545205449,42.656909906818,0.07035662116749389,0.01772418653290957,317.3426677791527,-21.581494391832813,0.0015471799189116285
1237659329776255315,242.065539371825,42.707056156393,0.04895544290685222,0.02175738758633188,217.48136563104197,-19.7022887570209,0.000583541033203884
1237651539799442260,242.968979331645,53.0578805544744,0.698967216691332,0.04808464450564728,4252.015210440828,-21.34492578712871,6.930757378706562e-06
1237651539799376136,243.00277699633,53.0998648882981,0.13088270148375591,0.017236773485165096,614.7867637358839,-21.60695751317605,0.00042202092786326506
1237659324417704525,243.888145627169,40.5661479844666,0.544606550731757,0.04561358280189987,3139.717893847513,-21.949220300606036,2.217720770673784e-05
1237668611197633690,244.592487695065,50.3877388256966,0.7246261458214089,0.05138784898335585,4443.868893395631,-21.25255989775871,5.827757661589006e-06
1237668611197632654,244.557366917701,50.4411019734886,0.12451283449337668,0.025004657002240072,582.4680145787255,-21.983625588375613,0.0006651292883361217
1237668611197633103,244.594310361351,50.4324463146495,0.4490923470157273,0.0724266053200873,2491.7055498386812,-22.36900772756854,5.1833394602843616e-05
1237659154216845575,244.528540859454,36.355887555127,0.13676279019714307,0.0167693390568694,644.8271310715894,-21.95020597050808,0.0005262544533358216
1237659154216911006,244.567178495765,36.2919667641016,0.09898826004566137,0.018445451051727093,455.333647099812,-21.540578609472632,0.0007237223021414427
1237659154216911327,244.597401832954,36.3654163607048,0.5396530094998279,0.05465768851788317,3105.304544362645,-21.66317523430271,1.7420543325576342e-05
1237659154216845503,244.432932350391,36.354842698374,0.11923186265812656,0.015784287218196687,555.8516675418218,-21.997458664360437,0.0007397170686942445
1237659154216846350,244.589535133598,36.41239322828,0.7113149856868137,0.10071895304811398,4344.108927562105,-22.00054273277279,1.2145507877147062e-05
1237665571438133475,244.670839534464,55.517642022037,0.09633025021148589,0.019110558196355636,442.31541675111225,-21.947980824088038,0.001116164424148935
1237665571438133465,244.662868925873,55.5203939118586,0.09876751356130924,0.019787528456873163,454.25088652515035,-21.747625797793646,0.0008799515325353068
1237665571438133976,244.626053697249,55.5091997165828,0.5904734791262476,0.050111354274271325,3462.316743325931,-21.55451878972206,1.2678676592339227e-05
1237665571438134017,244.628501489445,55.5044089049804,0.5045021792398662,0.03650814205706388,2863.5793589644,-22.573972166542628,4.7399135416306706e-05
1237659330314371467,244.988541766688,40.986712561617,0.5203882769419412,0.057810061322433215,2972.282064192108,-21.995632214025346,2.582693348192873e-05
1237659330314371691,244.943003703551,40.9672485502575,0.4970281698307497,0.050023900691546844,2812.752624367004,-22.360049092826497,4.034191964503907e-05
1237659330314372117,244.984390558109,40.9963237618576,0.5479950517762475,0.051493248445462374,3163.307314197296,-21.858445497610315,2.0095343212676768e-05
1237659330314371358,244.964186818339,40.9383745997484,0.11765710929775981,0.023211917259261892,547.9461737215643,-21.12275033311678,0.00034011386450038086
1237659325491511647,244.906085405663,40.9703218737012,0.06687289466291974,0.020400621494165726,300.89340236979626,-20.697702325775765,0.0007625276565877972
1237659325491511674,244.930145296999,40.9408610244395,0.08798602708531544,0.026086223851353427,401.7221986268658,-21.070275444610335,0.0006029183695069695
1237659325491512556,244.95274121789,40.9104186047258,0.6823872593137762,0.06232988535125534,4129.043191532341,-21.852008159009078,1.1724772157241966e-05
1237659330314305771,244.938266452256,41.0555338557011,0.17106830300117845,0.024874263893814717,823.9711412314294,-22.059725506158976,0.00035650547181775296
1237659324954903664,245.016861013225,40.1636731420485,0.3668141453395901,0.04529201639594609,1961.7573076846036,-22.287060205309583,7.754137966847694e-05
1237659324954903594,245.00281471167,40.1803118821206,0.42375061195691466,0.05366160407038894,2325.55183548921,-22.245432730906217,5.3103242983825324e-05
1237659324954968798,245.008259925447,40.0936441503392,0.3440856173077327,0.04787223664378974,1820.3741800809623,-22.037298284545635,7.154807935492323e-05
1237659324954903486,245.027122778476,40.2350095684266,0.4920778162754234,0.04992731307101384,2779.200249793231,-21.767165140686064,2.3934611140278756e-05
1237659324954903468,245.017978113779,40.2343828066862,0.5789033257634267,0.05523941570731334,3380.277755886252,-21.765871627619948,1.6160093752586238e-05
1237659324954902788,244.930942333876,40.1849877861316,0.06834296085028554,0.01769803313373622,307.8255616149554,-21.80989625248364,0.0020293134788740307
1237665355622121914,245.186783334186,40.1625458177619,0.49646569546976793,0.06218297485489651,2808.9357780916175,-21.73246693926658,2.2693587476311004e-05
1237665355622122460,245.183511584604,40.1814244486553,0.6136849738779884,0.04519722909341795,3628.2085861909723,-21.69923370376462,1.3191949739350732e-05
1237659324954968425,245.160139529348,40.0796139016931,0.3607756147502673,0.047389317175648885,1923.9751492553692,-22.803656331183177,0.00012973692973466041
1237659324954969092,245.156424830216,40.0756001845889,0.4481316223840565,0.05479464728737977,2485.3605737697953,-22.449730743372207,5.611946058777932e-05
1237665355622122365,245.199379492947,40.1492013520495,0.4874263790941395,0.05296619119714405,2747.7560095116687,-21.893503511844454,2.7507116828943088e-05
1237661465990332750,245.055211604028,30.1636384786997,0.09508089958571858,0.023244612650702365,436.21098861579134,-20.583045808587226,0.000326456349538187
1237662620264497411,246.026857318345,26.086300518533,0.16214536096327545,0.01934799936137223,776.7452367804108,-22.0915781935982,0.0004131179637852187
1237662620264497606,246.004789713741,26.0577238663241,0.1976586405830518,0.0225996718529478,967.2688714750892,-22.01117035793977,0.00024738520336866867
1237662667499045057,246.070387966519,26.0406668771154,0.10888661201184163,0.022287086083729642,504.18194650002283,-21.675321353074683,0.0006682730695051576
1237662667499045077,246.079310554541,26.0388609259695,0.08462409645553465,0.02622109917762188,385.4853345961478,-20.348115302011152,0.00033669014137787924
1237662667499045117,246.091381851693,26.0267256067307,0.08664476039073063,0.02540488132172936,395.23620303843074,-20.94881849227665,0.0005569471167551452
1237662667499045114,246.067336799079,26.0025631612228,0.07161014214260449,0.024665101322456452,323.2797401890811,-20.26993384202179,0.00044546804909321373
1237655348895678821,247.436275041326,42.1171364914522,0.16957781241812198,0.019749152231842933,816.052089933563,-21.9050841768127,0.0003152084910864429
1237662499473260796,247.421867848408,30.7333421979888,0.09299102104279808,0.01690777767170613,426.0205369236857,-21.870180086941417,0.001119981796576548
1237662667500028850,247.984102288448,24.5978661474109,0.6200851890932594,0.047218586000858084,3674.2529351803655,-21.851715048923598,1.4802937994466717e-05
1237662667500028362,248.020927046993,24.5873869268287,0.11270021384513913,0.025510915764085342,523.1562367374287,-20.853213735350387,0.00029108691273385613
1237662667500028276,247.95607273336,24.5864610408351,0.09263617306781778,0.024465043095988518,424.2928607935264,-20.89747922166526,0.0004609568148183037
1237662667499963489,247.94719113625,24.680365847855,0.5758219353307241,0.05119869189293713,3358.503282914419,-21.813418085774305,1.7103133277082467e-05
1237665566084892185,248.209056854698,11.8472222093213,0.5433591364609389,0.07363950006569066,3131.043841640011,-22.289941743784084,3.052097477878643e-05
1237668336864067698,248.256325807143,11.8720795531892,0.07811602655461403,0.01956358134124765,354.2483075043648,-21.47539341995711,0.001126008839842483
1237665566084891195,248.211142999093,11.8677276515134,0.07049335517611387,0.017793986582629196,317.9898142533749,-22.86773284513599,0.005038099263923113
1237665566084892145,248.182968411592,11.8249675800763,0.5647362818919321,0.04513864232789732,3280.4284809953756,-21.919968869135023,1.9775451144527456e-05
1237665566084891321,248.203867224641,11.7944448690655,0.3953857511103917,0.05469465448065376,2142.6326925286567,-21.821603535703183,4.233952291038423e-05
1237665566084956657,248.250456038958,11.78098926532,0.305230917020491,0.04581601208913462,1584.0090215549562,-21.926280753692808,8.530942210311263e-05
1237668336864002549,248.197751556555,11.8963852221941,0.07177837210527581,0.02121340671197813,324.0772649930098,-21.080131025102293,0.0009348787321682321
1237662302985388527,248.751835820254,30.9191567700296,0.5777694902871157,0.04189704415358377,3372.261915870706,-21.80102136960925,1.677127005072424e-05
1237662302985389351,248.73246893588,30.9334572335603,0.6147581121809476,0.05034311145181063,3635.9199183815645,-21.745203676308513,1.3704173615995124e-05
1237662302985388482,248.704834487354,30.9105984093093,0.1627577365199452,0.029896848083647707,779.972304710134,-22.257396670086347,0.00047730974803871304
1237662301912629542,249.94474899714,28.8475306511196,0.08195629587909119,0.022516660951917743,372.64949826295646,-20.18482538415261,0.00030997671536423476
1237678584648696157,25.1022785516355,24.071517778716,0.4067121989627217,0.055773658546414244,2215.280639722831,-22.18075756016019,5.513730311438542e-05
1237652616205697045,25.7067280234935,-10.1755197650368,0.4977335301483298,0.057375560983719764,2817.540702989858,-21.79250709352188,2.3837595172793003e-05
1237655504032629200,253.543493155966,39.4410264653901,0.08306399175282123,0.024642117650138497,377.97382307455695,-20.38654363707063,0.0003628223300135048
1237655504032629224,253.539245009435,39.4087050789333,0.0788074115133747,0.022520267755570967,357.55455381056703,-20.92360538790747,0.000664901829608588
1237655504032629313,253.50703653438,39.4245583155701,0.2617168364071786,0.02285036534295404,1327.6408865106791,-22.908265273165156,0.00030001631468289157
1237655504032630229,253.495823243936,39.4074843405329,0.668971684622075,0.05053199551476378,4030.1270572785074,-21.601974831505924,9.775803333765556e-06
1237655502959805697,254.178533358118,37.261590390613,0.4880127140927537,0.05001032394451875,2751.7152998813212,-22.08081059286355,3.259246741473547e-05
1237655503497265550,255.507507498517,36.3682479829076,0.08092322391225883,0.01894568202049605,367.6905746626082,-21.344826596786746,0.0009267565069839219
1237662303525995080,255.708283320464,24.8835307039209,0.0868628685439975,0.02454489068862464,396.2901750959374,-20.46250412676668,0.00035397699654741256
1237662501087871647,255.622016446341,24.9054076245267,0.27774560967664824,0.04431087044475907,1421.0226238797745,-21.81749256158644,9.589479608781724e-05
1237662501087937712,255.705684007182,24.8645185949728,0.5281686153762877,0.04906902673264049,3025.848170514896,-21.6668700621208,1.8409998791698063e-05
1237671936043909552,258.239580931163,35.4092031398035,0.08318639060852295,0.02221437432070357,378.56260992442344,-20.223482065574295,0.00031125575634947196
1237671936043975097,258.285246330431,35.3635654305378,0.38497588160117346,0.04785285763726044,2076.3331460078853,-23.082795514863548,0.0001440536052825025
1237671936043975776,258.27902517148,35.360882380132,0.6909927571865049,0.048120102338584665,4192.770325441667,-21.240408794813856,6.473831209973157e-06
1237663783135346733,26.688165905985,-0.675269582520831,0.0920270191094277,0.01830435381893707,421.328785334563,-21.61619700648047,0.0009062260456753331
1237663783135347299,26.689939616214,-0.66909881273498,0.3549043632290704,0.05061871953464771,1887.3911648351177,-22.123007678594035,7.202433149506869e-05
1237663783135347323,26.6977513347339,-0.685371749186754,0.4648732481044585,0.04508350020647123,2596.4379795203613,-21.37454399584396,1.91012457455332e-05
1237663783135347244,26.6782700873161,-0.699408012943765,0.37470499598883245,0.05617460152248205,2011.3653888437066,-22.05556114303853,5.959948568456744e-05
1237663783135346839,26.6669367310135,-0.667779055324641,0.12413914055872573,0.024505495144802523,580.5792699019879,-21.12340207451321,0.00030313618453279716
1237663783135346972,26.6984186315196,-0.658535638245153,0.2468920018390264,0.03832101142142733,1242.3935208634805,-22.697811659308506,0.0002822320355195959
1237663783135346882,26.7158090984349,-0.678755774639753,0.3685369900757518,0.04790041025984442,1972.5656961539926,-22.467159791338936,9.053176011725166e-05
1237663783135346881,26.7166039420464,-0.681071788581708,0.10253976532297635,0.026395030909184707,472.7935769108677,-21.27337341924845,0.000524814991138824
1237663783135346982,26.7112623917167,-0.697421244906609,0.20630951934290645,0.020207450651371618,1014.7027744634072,-21.826503489255728,0.000189637272344799
1237663783135346988,26.7158090489053,-0.69078317709111,0.2809906395502661,0.0370450534013451,1440.078851368565,-21.746762902478704,8.748480255567143e-05
1237663783135346883,26.7186467352267,-0.68333381657908,0.42403735587912045,0.055932094577511915,2327.4176398633513,-21.95937660791086,4.0738215386394194e-05
1237663783135346963,26.6866265289562,-0.711682486053886,0.3354164504402156,0.056591662948160044,1767.0463295860616,-21.693048971375934,5.5299819785363223e-05
1237663783135347390,26.7183745375777,-0.668214843742834,0.4053974458980151,0.06333175737806711,2206.8207227001412,-21.41131776729326,2.7352246393390515e-05
1237663783135346843,26.6713927486454,-0.648765847520859,0.15596330135131928,0.015635923724414802,744.2836698266991,-21.91774390165722,0.0003833721672626412
1237663783135347336,26.7003743265365,-0.709483001151372,0.2672000464104484,0.05151771582999577,1359.444961704065,-21.047602957473146,5.156059542852291e-05
1237663783135346871,26.7095562208994,-0.704344090163568,0.0728684771465206,0.019156105600780456,329.2493145807043,-21.50521434768121,0.001339787680233708
1237657071160459610,30.3978676261282,0.394774037539402,0.5474248957926644,0.05085555446710117,3159.3353484420604,-22.270548503242317,2.9446111212251887e-05
1237657071160393877,30.3692508915823,0.393149378770145,0.07708412919676226,0.01959329541643138,349.31912829782095,-21.382845348676902,0.0010633920373369417
1237663784747533323,30.3869129059681,0.419596672366809,0.5744903123866779,0.08688183670133046,3349.103183929478,-22.231441740537296,2.5276657280664557e-05
1237663784747532511,30.3653183288443,0.423607904041281,0.20331392606330267,0.026701142491980984,998.2329190329527,-21.76643483814254,0.00018540018364854023
1237663784747532512,30.3648968198911,0.426620232112818,0.12910809039991422,0.02388237452583644,605.7594723506526,-21.022517409949128,0.00025375028342242893
1237663543138714670,313.445929637178,-0.168790033375784,0.19715352872986808,0.03244312559515118,964.5114894324006,-20.94795242701912,9.344717139288704e-05
1237663543138714554,313.425467011637,-0.160858222628931,0.07244661776163581,0.017566215106182153,327.2469203296771,-21.725906840818,0.0016619256854450242
1237663457775780476,315.611841936758,0.131409855827713,0.07854307310677412,0.019830041507875394,356.2901271442408,-21.31863564074493,0.0009634888208570005
1237663457775780520,315.62017119664,0.0729338207117296,0.10621033640048475,0.023985389524664433,490.9174102477462,-20.12771867252263,0.0001694613258637809
1237663457775781208,315.589382804529,0.0760844102227044,0.2704544012849835,0.04451405027925716,1378.390362513081,-21.54303433966206,7.915334631967364e-05
1237663457775780614,315.657408825079,0.100726263252838,0.0580721853280847,0.016589260941341947,259.6729601515963,-21.158194743634628,0.0015646760679898714
1237656495633793659,320.918918343712,10.9150925659816,0.11369457120020098,0.025401146107971277,528.1176048872488,-20.299125425039044,0.0001714702890695657
1237656567042605829,322.219176705154,-1.0831518004946,0.641309966459227,0.07740212131123891,3827.8638648202996,-21.79065082006863,1.2892803392952221e-05
1237657189814895915,322.221940744066,-1.04163759017582,0.5522950282910936,0.03839213638779116,3193.298794009418,-22.23984098486502,2.8019299922456927e-05
1237656567042605576,322.235919664655,-1.09535024006986,0.21364775634389263,0.021535029145249057,1055.2470764246902,-22.392444488048913,0.0002953041022109681
1237656567042606383,322.247362717566,-1.0869404382626,0.479145449713542,0.05854663523827447,2691.97443306376,-21.227134054371785,1.551357036992124e-05
1237656567042605876,322.236741808819,-1.1002061612825,0.5231772875228525,0.05285625482892814,2991.4592401526047,-21.612049448898176,1.790826861671029e-05
1237657189814895222,322.204450514731,-1.0179434009091,0.23157050278687666,0.021106493600057993,1155.443097896405,-22.667109413211982,0.0003172098320563132
1237656567042605959,322.267551696612,-1.05827201593052,0.5734465548010751,0.04837619913401981,3341.7392823712594,-22.129751019282477,2.311826725409627e-05
1237678847719113262,324.116438955041,8.64432746645261,0.10224446409280792,0.019560497884839087,471.3389617677391,-21.968191264223165,0.0010014051579623608
1237678847719113516,324.118149992837,8.63259392678304,0.351044967439999,0.04786405071607652,1863.4250469709318,-22.530228833507824,0.00010751465755876613
1237663479792075347,325.21055046125,0.444101531994196,0.3725678198963746,0.05727815694381647,1997.9031226461902,-21.259409528358173,2.9014491256712725e-05
1237663479792075359,325.221565011884,0.451794185242791,0.44360062736126105,0.06152799812472666,2455.4846510329794,-21.035276718743095,1.5625583355851953e-05
1237663479792075330,325.211546193498,0.453538950088457,0.29889029148884916,0.03064075520098646,1546.093703220376,-23.18943815709115,0.0002866181180002385
1237663479792076006,325.210931562699,0.46139274601014,0.3979329008752635,0.05484369648965512,2158.9239904126175,-21.889022561635326,4.4374586586467414e-05
1237669762792948368,326.243584599672,6.00695819656602,0.3957047789236779,0.041832177843356494,2144.6716867727177,-22.813715092076812,0.00010538150581697194
1237678881006290244,327.236824393113,-1.65849703586958,0.7050121857097524,0.05997502385775597,4297.046507829268,-21.48307927084483,7.707110753975575e-06
1237678881006289025,327.305439129363,-1.66418159620342,0.38933385618007854,0.04573629337961059,2104.0335876276654,-22.702044241868883,9.878985773169386e-05
1237678881006290306,327.280153759024,-1.63966250518555,0.7697516691638709,0.05977153298496009,4785.672392349973,-21.252639626313528,5.025391721568451e-06
1237678881006289390,327.302255405516,-1.64584091646099,0.3270073772402659,0.05502092949648932,1715.6396378401494,-22.496318657736058,0.00012293493615045473
1237663542610166848,332.453795406245,-0.627664004683115,0.7311924596667648,0.08311572353379867,4493.261355387932,-21.294745202670956,5.926178383363542e-06
1237656567583933208,332.419986355924,-0.641311749971945,0.6245886072495971,0.04405527809635486,3706.7285923001737,-21.20107824015383,7.988214535758796e-06
1237680247877009428,333.065907194054,18.243156232867,0.20629027990415255,0.018173487731541125,1014.5968451764677,-23.438823637863845,0.0008374182860333318
1237680247877009627,333.040762545278,18.2499578803176,0.19790418391434214,0.021249296298960812,968.6097694315542,-21.787311925208698,0.00020073683851979873
1237680328410465652,334.519091504422,28.7837189733251,0.34504600012923564,0.051124865698314176,1826.3024464235796,-22.31066760437036,9.143693080623197e-05
1237666185096987072,334.808501049575,12.1077652944655,0.15543126343749758,0.02635784422782026,741.499899974581,-21.656774383898945,0.00030372990898233496
1237666185096987479,334.808944425087,12.0997836335315,0.6098185363565097,0.04660253513753818,3600.4555100494395,-21.883442944095453,1.587311928696604e-05
1237663544222090551,335.421891645839,0.832580505112696,0.642282053147659,0.05331462219700165,3834.932504985384,-21.627531223732234,1.1053429357245174e-05
1237663544222090215,335.412791007368,0.807868598311672,0.7068906864704255,0.09411179679503064,4311.061340689021,-21.62348921166359,8.714195119616178e-06
1237663480333402416,335.351317675132,0.855145585325734,0.16123513509222953,0.024996727173833506,771.9524025844423,-20.94421951610746,0.00014538070146286202
1237663480333402701,335.356949954396,0.873994507862848,0.33485538691205924,0.04259941178580228,1763.6065267965685,-22.067279587022533,7.836252835611207e-05
1237656538586349738,336.084220128665,-8.59640238686957,0.07739345424093051,0.017829483879883073,350.79603428465714,-22.037668375322557,0.0019273385140187562
1237663479262609616,342.072885664106,0.163407775687726,0.0860788903577383,0.02025936155479348,392.5030673139139,-21.579721274989822,0.0010097233511643727
1237663479262609657,342.132141540857,0.179498787038758,0.07859408707483422,0.01850328190932667,356.5341123556289,-21.43159904231486,0.0010676709837514002
1237663479262610270,342.064400435488,0.148358754778405,0.44309514018368645,0.07464446226921743,2452.1565979185243,-20.77878020672017,1.2371309727205438e-05
1237663479262610000,342.076170732189,0.201273622151249,0.7470993927344324,0.07772309644980106,4613.405014354524,-21.6737625166334,7.970064572283936e-06
1237663479262610075,342.112538091918,0.102810740686533,0.4006138970676692,0.047967054512138736,2176.100353352142,-22.881467997369047,0.00010895053319772063
1237663445442691193,343.714266814703,0.776477176796214,0.15238837416058928,0.01604016788025164,725.6089984284725,-22.509806299309258,0.0006958525130204074
1237656494033076594,343.938733374955,12.8287316426132,0.3705184859561865,0.046210896742680946,1985.012503567722,-23.05972503361497,0.00015429914515488743
1237663278458798261,346.707416106042,0.839832378468442,0.06555157424313464,0.01754247842048892,294.6740402353841,-21.026811388460384,0.0010765663474126574
1237663278458798696,346.691624514951,0.85311040477441,0.774379004385921,0.07774430757231947,4821.029860245577,-21.50687390701026,6.258495149815939e-06
1237663462605521098,346.734777344463,0.836350883754446,0.09506863090317007,0.024425251038685425,436.151089080255,-21.06730600628731,0.0005100919620029744
1237663278458798240,346.670815638862,0.844859279239643,0.4633226641477739,0.05448445929818047,2586.1049928375983,-22.144023563751244,3.9112639038778465e-05
1237663278458798341,346.721518158539,0.88811053435569,0.3032576439994756,0.05227079479643053,1572.1892706767453,-22.320329040649433,0.0001244864149520983
1237656537517850774,348.038957199314,-10.267393597465,0.07885589310091769,0.02337294708744728,357.78650503975115,-20.833040089294045,0.000610897185115677
1237652629631860860,351.643357847364,-10.0075904397926,0.12968198311370413,0.024099296757385286,608.6768360223737,-21.90723058216998,0.0005676997251981251
1237652942099907256,356.156308689247,13.8320567622979,0.6034721127553788,0.04280783070020618,3555.0044650710092,-21.99196155269107,1.799303066035087e-05
1237656240633545300,356.084172262559,13.8117872845435,0.4098000431918687,0.049978687128476564,2235.1774968512595,-22.239174182177035,5.7153869650823664e-05
1237663232839582126,357.711880184066,33.1219825342626,0.11396341296661518,0.015609417951617407,529.4599906446293,-21.80347503818768,0.0006819047568207654
1237663232839582746,357.736195465735,33.1379110409801,0.4890979242256507,0.050145297128578424,2759.0466515142466,-22.75541151918447,6.034572648418164e-05
1237680312302109616,357.696407115212,33.1461094858938,0.5519316474422653,0.04238887791185581,3190.761837979975,-21.641957745895226,1.6180588754250425e-05
1237663277927629469,359.640610009891,0.57183294911803,0.66706349687362,0.0643982373287681,4016.1006685446932,-21.38190333201637,8.038076811974653e-06
1237663277927629080,359.642227321763,0.598066198033942,0.669697116075204,0.10108671184332339,4035.4622696767224,-21.395766055724817,8.063430369147172e-06
1237663277927563939,359.617983822338,0.571214007206212,0.5952321501465869,0.04198357833336867,3496.185379154906,-22.074955891415904,2.008137526609211e-05
1237663277927629128,359.658671197013,0.595041971049163,0.5307084707480944,0.04822953145184773,3043.380782735889,-22.388526149801095,3.537511594724975e-05
1237663277927629490,359.659315149792,0.547047072377517,0.5737949220830345,0.05575189314299631,3344.1966748071754,-21.664713673571406,1.5041870590544334e-05
1237679323384840364,4.29262979373989,-4.8044980437219,0.7190657982148412,0.10103380379586915,4402.136877872839,-21.100105020828444,5.160774987319062e-06
1237657192517861621,4.71170732199533,1.16889117746825,0.12066288221609922,0.030969602983497553,563.048100365023,-20.288061777851695,0.00014932541004984758
1237660241385685206,46.0930404503262,0.437171451559339,0.22965552925556307,0.04324805227136144,1144.6589803103943,-21.113508499192502,7.727716124258067e-05
1237660241385685179,46.0706622186763,0.51988330072709,0.06373820925933518,0.01722063273755916,286.15622793867897,-20.92148881192391,0.0010360700509580909
1237663328935281235,46.0737679247277,0.42485463965525,0.702227066632016,0.04593296418742487,4276.286155285094,-21.671775695479685,9.259270249567332e-06
1237660241385685189,46.0743952402929,0.525421470111177,0.07789870019763694,0.019651654832163357,353.20964082129365,-21.348511645455556,0.0010077192621367546
1237660241385685827,46.0421306354102,0.520548426115228,0.7009213787951543,0.08681832048059715,4266.561124103576,-21.691832159266404,9.474949850715796e-06
1237660241385685840,46.051745806153,0.534329909730422,0.5378685719555684,0.06604171751063292,3092.9284845215943,-21.910071191259487,2.204391460695729e-05
1237660241385685291,46.020898254847,0.515119672418836,0.1621258655866753,0.03203821383112098,776.642535003427,-20.416999161074685,8.838067619524864e-05
1237680478731960592,5.03237253441853,32.7743723030524,0.12387015157831688,0.024758396336150092,579.2202304719282,-20.98862171046279,0.0002690055498384534
1237678879949390697,5.72215415524389,-3.04816174693999,0.5688089794250979,0.056954813540643315,3309.0642292602834,-21.515344344700146,1.3388358840884063e-05
1237678879949390222,5.68104823745132,-3.01957178531824,0.3883799052337123,0.045667558671696265,2097.963216560214,-21.753101027350215,4.14614677307425e-05
1237678879949390632,5.67106467122854,-3.09856814741338,0.6098164270514621,0.044591470892564704,3600.4403825370778,-21.685216380515214,1.322437950942869e-05
1237678879949325012,5.63864777755465,-3.05075807857801,0.3973699560708339,0.04714811747478755,2155.3211415929736,-22.206993974712862,5.967241465444298e-05
1237649963532353868,57.7706435972914,-5.4480115832665,0.24711601949877293,0.050249557526402984,1243.673578841178,-21.195559340398006,7.06010109750516e-05
1237679436131730119,6.0984624466,-1.64521854808594,0.39594327932109924,0.05506626994989036,2146.19628409969,-22.082100453003207,5.364154820634273e-05
1237678881560134690,6.11472255735497,-1.66302082890792,0.5203189781277633,0.09217280853896334,2971.8059184443455,-22.061729536389958,2.7456863711509485e-05
1237678881560134612,6.03584155649123,-1.66350363668742,0.662618298476665,0.05360660573986615,3983.467622175376,-21.687856197743,1.0829786525819837e-05
1237679436131729994,6.12930562727519,-1.62288086135913,0.5683526009744494,0.054504018590911814,3305.8525975721946,-21.524902066019582,1.3532992963332821e-05
1237679436131729603,6.13633241733341,-1.57906875596389,0.07501745706278509,0.02114755100679959,339.4665666320206,-20.948786619736204,0.0007549542459811371
1237678432716522102,6.06189490580479,-1.55648735664902,0.7109523746288415,0.055258132328920906,4341.3983023698875,-21.540802070460565,7.962722190595252e-06
1237678881560134190,6.01670382232497,-1.69482806953086,0.8483676086781118,0.0876865504524485,5393.79048058358,-21.463354752332904,4.80345532656276e-06
1237679436131730142,6.11687501600633,-1.56100893304419,0.6150628958163182,0.044563046442093794,3638.110689958245,-21.221453861953382,8.449475052176512e-06
1237669703194051150,6.16988858011507,8.33338829800784,0.36574975787532965,0.06009671919759833,1955.0861770224005,-21.746017185744947,4.743239609207407e-05
1237669703194051139,6.16659488454081,8.33009047625119,0.43981898993001745,0.050084319245699185,2430.6111605448937,-21.698616578526387,2.9377555540023404e-05
1237669519055127353,6.16506606145686,8.36888158980246,0.32488687147839895,0.060335759246906456,1702.7268138416987,-21.317840505872436,4.215472417600784e-05
1237669519055127344,6.16225518396817,8.37797806963352,0.37757237390627485,0.061758101755520406,2029.4578166929207,-21.07310815358338,2.3685535280544154e-05
1237669519055126850,6.15075566438054,8.3585333162892,0.27747981480929096,0.04193804896109714,1419.4640001063615,-22.22588771296942,0.00013999299986743326
1237669519055126762,6.1462447668269,8.35744955245926,0.3125500929820037,0.05837068886958991,1628.007916133805,-20.924446081503234,3.209707137570013e-05
1237669519055127286,6.14437347186072,8.33827026679033,0.45944120653911935,0.05246112976787047,2560.2794599687395,-21.431090010345017,2.0694801257011595e-05
1237652901849006465,62.3450982875659,-4.50808873526193,0.35958535848038536,0.06761787354431499,1916.5465081467937,-21.97585721293344,6.0996393853876274e-05
1237656496727261576,7.03175802578608,15.9444360424967,0.4837321158653008,0.07368905231937341,2722.8393943780734,-21.487124127022238,1.9266623026657373e-05
1237656496727261532,7.01277695891491,15.9397735360773,0.4786638939938929,0.04162856698220013,2688.7384644091876,-21.979169700651827,3.1086423554425474e-05
1237656496727261289,7.00723391759061,15.9303840463588,0.12085313420466402,0.021397930256679732,564.005751293291,-21.607294363021367,0.000501592090986855
1237666308562092722,8.06857342910575,24.366675623907,0.5355591296643726,0.05548801066360741,3076.9276623094725,-22.402767761141227,3.506489413087017e-05
1237657189835015030,8.14940117440818,-1.01500945785269,0.5910048013789178,0.042605346436936635,3466.0946435718733,-22.17903345591695,2.2487053233618177e-05
1237657189835014780,8.17137874601457,-1.01313814353615,0.4359653006842654,0.05342304547655425,2405.3215261345413,-21.634255749812798,2.8271966919296154e-05
1237657189835014782,8.17163263419855,-1.00543047047698,0.3961013966817636,0.05385126974173498,2147.2071684863963,-22.196140721952894,5.952623190986742e-05
1237657189835014333,8.14089533984304,-0.997285692216701,0.5101177920997839,0.04422221036913039,2901.901381494309,-21.60384743622776,1.8887465149386707e-05
1237657189835014332,8.13867957759226,-0.999811819150197,0.5408353031543605,0.04057158226125803,3113.5104879434693,-22.053373044962385,2.482267333348946e-05
1237657189835015123,8.18032794543626,-0.99319116809337,0.7705292825286798,0.06151684710087263,4791.610205867523,-21.521057956332136,6.4188942377559555e-06
1237657189835080100,8.18515771011403,-0.990812909643851,0.4087680220012162,0.05290018076044388,2228.523224769533,-21.704744542437865,3.514499517264879e-05
1237649920037028133,9.20695891294577,15.0202896726076,0.37441324683454075,0.046845878334378,2009.5264865590657,-23.014199373915808,0.00014437509400081272
